target	prompt
glass/ember.png	Abstract wallpaper in the style of Apple's spatial glass interfaces: liquid glass, smooth volumetric colour gradients, large soft bokeh, deep saturated colour with luminous depth, gentle film grain, no hard edges, painterly light. deep crimson and scarlet light sweeping across shadow, embers still glowing at the edges, tense and alive. Where the subject names a colour absent from this style's palette, translate it to the nearest colour that belongs to the style - the style palette always wins. Keep the subject's composition, mood and direction of light exactly. 16:9 aspect ratio, 2560x1440, desktop wallpaper. Dark overall so white UI text stays readable on top. Uncluttered centre — keep detail and interest toward the edges and corners. No text, no letters, no numbers, no watermark, no logo, no signature, no people, no faces, no hands, no recognisable products.
glass/rose.png	Abstract wallpaper in the style of Apple's spatial glass interfaces: liquid glass, smooth volumetric colour gradients, large soft bokeh, deep saturated colour with luminous depth, gentle film grain, no hard edges, painterly light. hot pink and magenta blooming outward in dark space, soft overlapping petals of light, electric and romantic. Where the subject names a colour absent from this style's palette, translate it to the nearest colour that belongs to the style - the style palette always wins. Keep the subject's composition, mood and direction of light exactly. 16:9 aspect ratio, 2560x1440, desktop wallpaper. Dark overall so white UI text stays readable on top. Uncluttered centre — keep detail and interest toward the edges and corners. No text, no letters, no numbers, no watermark, no logo, no signature, no people, no faces, no hands, no recognisable products.
glass/amber.png	Abstract wallpaper in the style of Apple's spatial glass interfaces: liquid glass, smooth volumetric colour gradients, large soft bokeh, deep saturated colour with luminous depth, gentle film grain, no hard edges, painterly light. warm amber and burnt orange light folding over itself, like late sun spilling through an open doorway. Where the subject names a colour absent from this style's palette, translate it to the nearest colour that belongs to the style - the style palette always wins. Keep the subject's composition, mood and direction of light exactly. 16:9 aspect ratio, 2560x1440, desktop wallpaper. Dark overall so white UI text stays readable on top. Uncluttered centre — keep detail and interest toward the edges and corners. No text, no letters, no numbers, no watermark, no logo, no signature, no people, no faces, no hands, no recognisable products.
glass/citrine.png	Abstract wallpaper in the style of Apple's spatial glass interfaces: liquid glass, smooth volumetric colour gradients, large soft bokeh, deep saturated colour with luminous depth, gentle film grain, no hard edges, painterly light. golden yellow light crackling against deep dark, high-voltage brightness, sharp and charged. Where the subject names a colour absent from this style's palette, translate it to the nearest colour that belongs to the style - the style palette always wins. Keep the subject's composition, mood and direction of light exactly. 16:9 aspect ratio, 2560x1440, desktop wallpaper. Dark overall so white UI text stays readable on top. Uncluttered centre — keep detail and interest toward the edges and corners. No text, no letters, no numbers, no watermark, no logo, no signature, no people, no faces, no hands, no recognisable products.
glass/lime.png	Abstract wallpaper in the style of Apple's spatial glass interfaces: liquid glass, smooth volumetric colour gradients, large soft bokeh, deep saturated colour with luminous depth, gentle film grain, no hard edges, painterly light. chartreuse and yellow-green currents streaming like energy in motion, kinetic, dark background. Where the subject names a colour absent from this style's palette, translate it to the nearest colour that belongs to the style - the style palette always wins. Keep the subject's composition, mood and direction of light exactly. 16:9 aspect ratio, 2560x1440, desktop wallpaper. Dark overall so white UI text stays readable on top. Uncluttered centre — keep detail and interest toward the edges and corners. No text, no letters, no numbers, no watermark, no logo, no signature, no people, no faces, no hands, no recognisable products.
glass/verdant.png	Abstract wallpaper in the style of Apple's spatial glass interfaces: liquid glass, smooth volumetric colour gradients, large soft bokeh, deep saturated colour with luminous depth, gentle film grain, no hard edges, painterly light. vivid saturated green light through dense foliage, dew catching the light, soft focus, dark edges. Where the subject names a colour absent from this style's palette, translate it to the nearest colour that belongs to the style - the style palette always wins. Keep the subject's composition, mood and direction of light exactly. 16:9 aspect ratio, 2560x1440, desktop wallpaper. Dark overall so white UI text stays readable on top. Uncluttered centre — keep detail and interest toward the edges and corners. No text, no letters, no numbers, no watermark, no logo, no signature, no people, no faces, no hands, no recognisable products.
glass/jade.png	Abstract wallpaper in the style of Apple's spatial glass interfaces: liquid glass, smooth volumetric colour gradients, large soft bokeh, deep saturated colour with luminous depth, gentle film grain, no hard edges, painterly light. soft jade and mint mist drifting slowly, cool and restorative, minimal, very quiet. Where the subject names a colour absent from this style's palette, translate it to the nearest colour that belongs to the style - the style palette always wins. Keep the subject's composition, mood and direction of light exactly. 16:9 aspect ratio, 2560x1440, desktop wallpaper. Dark overall so white UI text stays readable on top. Uncluttered centre — keep detail and interest toward the edges and corners. No text, no letters, no numbers, no watermark, no logo, no signature, no people, no faces, no hands, no recognisable products.
glass/lagoon.png	Abstract wallpaper in the style of Apple's spatial glass interfaces: liquid glass, smooth volumetric colour gradients, large soft bokeh, deep saturated colour with luminous depth, gentle film grain, no hard edges, painterly light. aqua and cyan caustics rippling as if seen through shallow water, soft focus, clean and weightless. Where the subject names a colour absent from this style's palette, translate it to the nearest colour that belongs to the style - the style palette always wins. Keep the subject's composition, mood and direction of light exactly. 16:9 aspect ratio, 2560x1440, desktop wallpaper. Dark overall so white UI text stays readable on top. Uncluttered centre — keep detail and interest toward the edges and corners. No text, no letters, no numbers, no watermark, no logo, no signature, no people, no faces, no hands, no recognisable products.
glass/azure.png	Abstract wallpaper in the style of Apple's spatial glass interfaces: liquid glass, smooth volumetric colour gradients, large soft bokeh, deep saturated colour with luminous depth, gentle film grain, no hard edges, painterly light. electric azure streams flowing through dark space, luminous nodes and connecting lines, precise. Where the subject names a colour absent from this style's palette, translate it to the nearest colour that belongs to the style - the style palette always wins. Keep the subject's composition, mood and direction of light exactly. 16:9 aspect ratio, 2560x1440, desktop wallpaper. Dark overall so white UI text stays readable on top. Uncluttered centre — keep detail and interest toward the edges and corners. No text, no letters, no numbers, no watermark, no logo, no signature, no people, no faces, no hands, no recognisable products.
glass/cobalt.png	Abstract wallpaper in the style of Apple's spatial glass interfaces: liquid glass, smooth volumetric colour gradients, large soft bokeh, deep saturated colour with luminous depth, gentle film grain, no hard edges, painterly light. deep cobalt light falling in long focused shafts through vertical structure, crisp and awake. Where the subject names a colour absent from this style's palette, translate it to the nearest colour that belongs to the style - the style palette always wins. Keep the subject's composition, mood and direction of light exactly. 16:9 aspect ratio, 2560x1440, desktop wallpaper. Dark overall so white UI text stays readable on top. Uncluttered centre — keep detail and interest toward the edges and corners. No text, no letters, no numbers, no watermark, no logo, no signature, no people, no faces, no hands, no recognisable products.
glass/indigo.png	Abstract wallpaper in the style of Apple's spatial glass interfaces: liquid glass, smooth volumetric colour gradients, large soft bokeh, deep saturated colour with luminous depth, gentle film grain, no hard edges, painterly light. a deep indigo and periwinkle nebula haze, very still and quiet, midnight calm. Where the subject names a colour absent from this style's palette, translate it to the nearest colour that belongs to the style - the style palette always wins. Keep the subject's composition, mood and direction of light exactly. 16:9 aspect ratio, 2560x1440, desktop wallpaper. Dark overall so white UI text stays readable on top. Uncluttered centre — keep detail and interest toward the edges and corners. No text, no letters, no numbers, no watermark, no logo, no signature, no people, no faces, no hands, no recognisable products.
glass/violet.png	Abstract wallpaper in the style of Apple's spatial glass interfaces: liquid glass, smooth volumetric colour gradients, large soft bokeh, deep saturated colour with luminous depth, gentle film grain, no hard edges, painterly light. electric violet and magenta filaments branching through dark space, synthetic and luminous. Where the subject names a colour absent from this style's palette, translate it to the nearest colour that belongs to the style - the style palette always wins. Keep the subject's composition, mood and direction of light exactly. 16:9 aspect ratio, 2560x1440, desktop wallpaper. Dark overall so white UI text stays readable on top. Uncluttered centre — keep detail and interest toward the edges and corners. No text, no letters, no numbers, no watermark, no logo, no signature, no people, no faces, no hands, no recognisable products.
glass/sand.png	Abstract wallpaper in the style of Apple's spatial glass interfaces: liquid glass, smooth volumetric colour gradients, large soft bokeh, deep saturated colour with luminous depth, gentle film grain, no hard edges, painterly light. warm sand and taupe light receding down a long perspective gradient, muted, unhurried. Where the subject names a colour absent from this style's palette, translate it to the nearest colour that belongs to the style - the style palette always wins. Keep the subject's composition, mood and direction of light exactly. 16:9 aspect ratio, 2560x1440, desktop wallpaper. Dark overall so white UI text stays readable on top. Uncluttered centre — keep detail and interest toward the edges and corners. No text, no letters, no numbers, no watermark, no logo, no signature, no people, no faces, no hands, no recognisable products.
glass/graphite.png	Abstract wallpaper in the style of Apple's spatial glass interfaces: liquid glass, smooth volumetric colour gradients, large soft bokeh, deep saturated colour with luminous depth, gentle film grain, no hard edges, painterly light. restrained graphite and silver light, neutral, minimal, quietly technical. Where the subject names a colour absent from this style's palette, translate it to the nearest colour that belongs to the style - the style palette always wins. Keep the subject's composition, mood and direction of light exactly. 16:9 aspect ratio, 2560x1440, desktop wallpaper. Dark overall so white UI text stays readable on top. Uncluttered centre — keep detail and interest toward the edges and corners. No text, no letters, no numbers, no watermark, no logo, no signature, no people, no faces, no hands, no recognisable products.
velvet/ember.png	Abstract wallpaper, velvet-soft and matte — deep base #1e1e2e with muted pastel accents: mauve #cba6f7, blue #89b4fa, green #a6e3a1, yellow #f9e2af, red #f38ba8. Cozy and low contrast, soft matte gradients, flat diffuse light, gentle grain, nothing garish or glossy. deep crimson and scarlet light sweeping across shadow, embers still glowing at the edges, tense and alive. Where the subject names a colour absent from this style's palette, translate it to the nearest colour that belongs to the style - the style palette always wins. Keep the subject's composition, mood and direction of light exactly. 16:9 aspect ratio, 2560x1440, desktop wallpaper. Dark overall so white UI text stays readable on top. Uncluttered centre — keep detail and interest toward the edges and corners. No text, no letters, no numbers, no watermark, no logo, no signature, no people, no faces, no hands, no recognisable products.
velvet/rose.png	Abstract wallpaper, velvet-soft and matte — deep base #1e1e2e with muted pastel accents: mauve #cba6f7, blue #89b4fa, green #a6e3a1, yellow #f9e2af, red #f38ba8. Cozy and low contrast, soft matte gradients, flat diffuse light, gentle grain, nothing garish or glossy. hot pink and magenta blooming outward in dark space, soft overlapping petals of light, electric and romantic. Where the subject names a colour absent from this style's palette, translate it to the nearest colour that belongs to the style - the style palette always wins. Keep the subject's composition, mood and direction of light exactly. 16:9 aspect ratio, 2560x1440, desktop wallpaper. Dark overall so white UI text stays readable on top. Uncluttered centre — keep detail and interest toward the edges and corners. No text, no letters, no numbers, no watermark, no logo, no signature, no people, no faces, no hands, no recognisable products.
velvet/amber.png	Abstract wallpaper, velvet-soft and matte — deep base #1e1e2e with muted pastel accents: mauve #cba6f7, blue #89b4fa, green #a6e3a1, yellow #f9e2af, red #f38ba8. Cozy and low contrast, soft matte gradients, flat diffuse light, gentle grain, nothing garish or glossy. warm amber and burnt orange light folding over itself, like late sun spilling through an open doorway. Where the subject names a colour absent from this style's palette, translate it to the nearest colour that belongs to the style - the style palette always wins. Keep the subject's composition, mood and direction of light exactly. 16:9 aspect ratio, 2560x1440, desktop wallpaper. Dark overall so white UI text stays readable on top. Uncluttered centre — keep detail and interest toward the edges and corners. No text, no letters, no numbers, no watermark, no logo, no signature, no people, no faces, no hands, no recognisable products.
velvet/citrine.png	Abstract wallpaper, velvet-soft and matte — deep base #1e1e2e with muted pastel accents: mauve #cba6f7, blue #89b4fa, green #a6e3a1, yellow #f9e2af, red #f38ba8. Cozy and low contrast, soft matte gradients, flat diffuse light, gentle grain, nothing garish or glossy. golden yellow light crackling against deep dark, high-voltage brightness, sharp and charged. Where the subject names a colour absent from this style's palette, translate it to the nearest colour that belongs to the style - the style palette always wins. Keep the subject's composition, mood and direction of light exactly. 16:9 aspect ratio, 2560x1440, desktop wallpaper. Dark overall so white UI text stays readable on top. Uncluttered centre — keep detail and interest toward the edges and corners. No text, no letters, no numbers, no watermark, no logo, no signature, no people, no faces, no hands, no recognisable products.
velvet/lime.png	Abstract wallpaper, velvet-soft and matte — deep base #1e1e2e with muted pastel accents: mauve #cba6f7, blue #89b4fa, green #a6e3a1, yellow #f9e2af, red #f38ba8. Cozy and low contrast, soft matte gradients, flat diffuse light, gentle grain, nothing garish or glossy. chartreuse and yellow-green currents streaming like energy in motion, kinetic, dark background. Where the subject names a colour absent from this style's palette, translate it to the nearest colour that belongs to the style - the style palette always wins. Keep the subject's composition, mood and direction of light exactly. 16:9 aspect ratio, 2560x1440, desktop wallpaper. Dark overall so white UI text stays readable on top. Uncluttered centre — keep detail and interest toward the edges and corners. No text, no letters, no numbers, no watermark, no logo, no signature, no people, no faces, no hands, no recognisable products.
velvet/verdant.png	Abstract wallpaper, velvet-soft and matte — deep base #1e1e2e with muted pastel accents: mauve #cba6f7, blue #89b4fa, green #a6e3a1, yellow #f9e2af, red #f38ba8. Cozy and low contrast, soft matte gradients, flat diffuse light, gentle grain, nothing garish or glossy. vivid saturated green light through dense foliage, dew catching the light, soft focus, dark edges. Where the subject names a colour absent from this style's palette, translate it to the nearest colour that belongs to the style - the style palette always wins. Keep the subject's composition, mood and direction of light exactly. 16:9 aspect ratio, 2560x1440, desktop wallpaper. Dark overall so white UI text stays readable on top. Uncluttered centre — keep detail and interest toward the edges and corners. No text, no letters, no numbers, no watermark, no logo, no signature, no people, no faces, no hands, no recognisable products.
velvet/jade.png	Abstract wallpaper, velvet-soft and matte — deep base #1e1e2e with muted pastel accents: mauve #cba6f7, blue #89b4fa, green #a6e3a1, yellow #f9e2af, red #f38ba8. Cozy and low contrast, soft matte gradients, flat diffuse light, gentle grain, nothing garish or glossy. soft jade and mint mist drifting slowly, cool and restorative, minimal, very quiet. Where the subject names a colour absent from this style's palette, translate it to the nearest colour that belongs to the style - the style palette always wins. Keep the subject's composition, mood and direction of light exactly. 16:9 aspect ratio, 2560x1440, desktop wallpaper. Dark overall so white UI text stays readable on top. Uncluttered centre — keep detail and interest toward the edges and corners. No text, no letters, no numbers, no watermark, no logo, no signature, no people, no faces, no hands, no recognisable products.
velvet/lagoon.png	Abstract wallpaper, velvet-soft and matte — deep base #1e1e2e with muted pastel accents: mauve #cba6f7, blue #89b4fa, green #a6e3a1, yellow #f9e2af, red #f38ba8. Cozy and low contrast, soft matte gradients, flat diffuse light, gentle grain, nothing garish or glossy. aqua and cyan caustics rippling as if seen through shallow water, soft focus, clean and weightless. Where the subject names a colour absent from this style's palette, translate it to the nearest colour that belongs to the style - the style palette always wins. Keep the subject's composition, mood and direction of light exactly. 16:9 aspect ratio, 2560x1440, desktop wallpaper. Dark overall so white UI text stays readable on top. Uncluttered centre — keep detail and interest toward the edges and corners. No text, no letters, no numbers, no watermark, no logo, no signature, no people, no faces, no hands, no recognisable products.
velvet/azure.png	Abstract wallpaper, velvet-soft and matte — deep base #1e1e2e with muted pastel accents: mauve #cba6f7, blue #89b4fa, green #a6e3a1, yellow #f9e2af, red #f38ba8. Cozy and low contrast, soft matte gradients, flat diffuse light, gentle grain, nothing garish or glossy. electric azure streams flowing through dark space, luminous nodes and connecting lines, precise. Where the subject names a colour absent from this style's palette, translate it to the nearest colour that belongs to the style - the style palette always wins. Keep the subject's composition, mood and direction of light exactly. 16:9 aspect ratio, 2560x1440, desktop wallpaper. Dark overall so white UI text stays readable on top. Uncluttered centre — keep detail and interest toward the edges and corners. No text, no letters, no numbers, no watermark, no logo, no signature, no people, no faces, no hands, no recognisable products.
velvet/cobalt.png	Abstract wallpaper, velvet-soft and matte — deep base #1e1e2e with muted pastel accents: mauve #cba6f7, blue #89b4fa, green #a6e3a1, yellow #f9e2af, red #f38ba8. Cozy and low contrast, soft matte gradients, flat diffuse light, gentle grain, nothing garish or glossy. deep cobalt light falling in long focused shafts through vertical structure, crisp and awake. Where the subject names a colour absent from this style's palette, translate it to the nearest colour that belongs to the style - the style palette always wins. Keep the subject's composition, mood and direction of light exactly. 16:9 aspect ratio, 2560x1440, desktop wallpaper. Dark overall so white UI text stays readable on top. Uncluttered centre — keep detail and interest toward the edges and corners. No text, no letters, no numbers, no watermark, no logo, no signature, no people, no faces, no hands, no recognisable products.
velvet/indigo.png	Abstract wallpaper, velvet-soft and matte — deep base #1e1e2e with muted pastel accents: mauve #cba6f7, blue #89b4fa, green #a6e3a1, yellow #f9e2af, red #f38ba8. Cozy and low contrast, soft matte gradients, flat diffuse light, gentle grain, nothing garish or glossy. a deep indigo and periwinkle nebula haze, very still and quiet, midnight calm. Where the subject names a colour absent from this style's palette, translate it to the nearest colour that belongs to the style - the style palette always wins. Keep the subject's composition, mood and direction of light exactly. 16:9 aspect ratio, 2560x1440, desktop wallpaper. Dark overall so white UI text stays readable on top. Uncluttered centre — keep detail and interest toward the edges and corners. No text, no letters, no numbers, no watermark, no logo, no signature, no people, no faces, no hands, no recognisable products.
velvet/violet.png	Abstract wallpaper, velvet-soft and matte — deep base #1e1e2e with muted pastel accents: mauve #cba6f7, blue #89b4fa, green #a6e3a1, yellow #f9e2af, red #f38ba8. Cozy and low contrast, soft matte gradients, flat diffuse light, gentle grain, nothing garish or glossy. electric violet and magenta filaments branching through dark space, synthetic and luminous. Where the subject names a colour absent from this style's palette, translate it to the nearest colour that belongs to the style - the style palette always wins. Keep the subject's composition, mood and direction of light exactly. 16:9 aspect ratio, 2560x1440, desktop wallpaper. Dark overall so white UI text stays readable on top. Uncluttered centre — keep detail and interest toward the edges and corners. No text, no letters, no numbers, no watermark, no logo, no signature, no people, no faces, no hands, no recognisable products.
velvet/sand.png	Abstract wallpaper, velvet-soft and matte — deep base #1e1e2e with muted pastel accents: mauve #cba6f7, blue #89b4fa, green #a6e3a1, yellow #f9e2af, red #f38ba8. Cozy and low contrast, soft matte gradients, flat diffuse light, gentle grain, nothing garish or glossy. warm sand and taupe light receding down a long perspective gradient, muted, unhurried. Where the subject names a colour absent from this style's palette, translate it to the nearest colour that belongs to the style - the style palette always wins. Keep the subject's composition, mood and direction of light exactly. 16:9 aspect ratio, 2560x1440, desktop wallpaper. Dark overall so white UI text stays readable on top. Uncluttered centre — keep detail and interest toward the edges and corners. No text, no letters, no numbers, no watermark, no logo, no signature, no people, no faces, no hands, no recognisable products.
velvet/graphite.png	Abstract wallpaper, velvet-soft and matte — deep base #1e1e2e with muted pastel accents: mauve #cba6f7, blue #89b4fa, green #a6e3a1, yellow #f9e2af, red #f38ba8. Cozy and low contrast, soft matte gradients, flat diffuse light, gentle grain, nothing garish or glossy. restrained graphite and silver light, neutral, minimal, quietly technical. Where the subject names a colour absent from this style's palette, translate it to the nearest colour that belongs to the style - the style palette always wins. Keep the subject's composition, mood and direction of light exactly. 16:9 aspect ratio, 2560x1440, desktop wallpaper. Dark overall so white UI text stays readable on top. Uncluttered centre — keep detail and interest toward the edges and corners. No text, no letters, no numbers, no watermark, no logo, no signature, no people, no faces, no hands, no recognisable products.
neon/ember.png	Abstract cyberpunk wallpaper: near-black #04050a base, high-chroma neon accent light, volumetric glow and light bloom, faint horizontal scanlines, subtle chromatic aberration on bright edges, deep contrast, cinematic, Blade Runner colour grade. deep crimson and scarlet light sweeping across shadow, embers still glowing at the edges, tense and alive. Where the subject names a colour absent from this style's palette, translate it to the nearest colour that belongs to the style - the style palette always wins. Keep the subject's composition, mood and direction of light exactly. 16:9 aspect ratio, 2560x1440, desktop wallpaper. Dark overall so white UI text stays readable on top. Uncluttered centre — keep detail and interest toward the edges and corners. No text, no letters, no numbers, no watermark, no logo, no signature, no people, no faces, no hands, no recognisable products.
neon/rose.png	Abstract cyberpunk wallpaper: near-black #04050a base, high-chroma neon accent light, volumetric glow and light bloom, faint horizontal scanlines, subtle chromatic aberration on bright edges, deep contrast, cinematic, Blade Runner colour grade. hot pink and magenta blooming outward in dark space, soft overlapping petals of light, electric and romantic. Where the subject names a colour absent from this style's palette, translate it to the nearest colour that belongs to the style - the style palette always wins. Keep the subject's composition, mood and direction of light exactly. 16:9 aspect ratio, 2560x1440, desktop wallpaper. Dark overall so white UI text stays readable on top. Uncluttered centre — keep detail and interest toward the edges and corners. No text, no letters, no numbers, no watermark, no logo, no signature, no people, no faces, no hands, no recognisable products.
neon/amber.png	Abstract cyberpunk wallpaper: near-black #04050a base, high-chroma neon accent light, volumetric glow and light bloom, faint horizontal scanlines, subtle chromatic aberration on bright edges, deep contrast, cinematic, Blade Runner colour grade. warm amber and burnt orange light folding over itself, like late sun spilling through an open doorway. Where the subject names a colour absent from this style's palette, translate it to the nearest colour that belongs to the style - the style palette always wins. Keep the subject's composition, mood and direction of light exactly. 16:9 aspect ratio, 2560x1440, desktop wallpaper. Dark overall so white UI text stays readable on top. Uncluttered centre — keep detail and interest toward the edges and corners. No text, no letters, no numbers, no watermark, no logo, no signature, no people, no faces, no hands, no recognisable products.
neon/citrine.png	Abstract cyberpunk wallpaper: near-black #04050a base, high-chroma neon accent light, volumetric glow and light bloom, faint horizontal scanlines, subtle chromatic aberration on bright edges, deep contrast, cinematic, Blade Runner colour grade. golden yellow light crackling against deep dark, high-voltage brightness, sharp and charged. Where the subject names a colour absent from this style's palette, translate it to the nearest colour that belongs to the style - the style palette always wins. Keep the subject's composition, mood and direction of light exactly. 16:9 aspect ratio, 2560x1440, desktop wallpaper. Dark overall so white UI text stays readable on top. Uncluttered centre — keep detail and interest toward the edges and corners. No text, no letters, no numbers, no watermark, no logo, no signature, no people, no faces, no hands, no recognisable products.
neon/lime.png	Abstract cyberpunk wallpaper: near-black #04050a base, high-chroma neon accent light, volumetric glow and light bloom, faint horizontal scanlines, subtle chromatic aberration on bright edges, deep contrast, cinematic, Blade Runner colour grade. chartreuse and yellow-green currents streaming like energy in motion, kinetic, dark background. Where the subject names a colour absent from this style's palette, translate it to the nearest colour that belongs to the style - the style palette always wins. Keep the subject's composition, mood and direction of light exactly. 16:9 aspect ratio, 2560x1440, desktop wallpaper. Dark overall so white UI text stays readable on top. Uncluttered centre — keep detail and interest toward the edges and corners. No text, no letters, no numbers, no watermark, no logo, no signature, no people, no faces, no hands, no recognisable products.
neon/verdant.png	Abstract cyberpunk wallpaper: near-black #04050a base, high-chroma neon accent light, volumetric glow and light bloom, faint horizontal scanlines, subtle chromatic aberration on bright edges, deep contrast, cinematic, Blade Runner colour grade. vivid saturated green light through dense foliage, dew catching the light, soft focus, dark edges. Where the subject names a colour absent from this style's palette, translate it to the nearest colour that belongs to the style - the style palette always wins. Keep the subject's composition, mood and direction of light exactly. 16:9 aspect ratio, 2560x1440, desktop wallpaper. Dark overall so white UI text stays readable on top. Uncluttered centre — keep detail and interest toward the edges and corners. No text, no letters, no numbers, no watermark, no logo, no signature, no people, no faces, no hands, no recognisable products.
neon/jade.png	Abstract cyberpunk wallpaper: near-black #04050a base, high-chroma neon accent light, volumetric glow and light bloom, faint horizontal scanlines, subtle chromatic aberration on bright edges, deep contrast, cinematic, Blade Runner colour grade. soft jade and mint mist drifting slowly, cool and restorative, minimal, very quiet. Where the subject names a colour absent from this style's palette, translate it to the nearest colour that belongs to the style - the style palette always wins. Keep the subject's composition, mood and direction of light exactly. 16:9 aspect ratio, 2560x1440, desktop wallpaper. Dark overall so white UI text stays readable on top. Uncluttered centre — keep detail and interest toward the edges and corners. No text, no letters, no numbers, no watermark, no logo, no signature, no people, no faces, no hands, no recognisable products.
neon/lagoon.png	Abstract cyberpunk wallpaper: near-black #04050a base, high-chroma neon accent light, volumetric glow and light bloom, faint horizontal scanlines, subtle chromatic aberration on bright edges, deep contrast, cinematic, Blade Runner colour grade. aqua and cyan caustics rippling as if seen through shallow water, soft focus, clean and weightless. Where the subject names a colour absent from this style's palette, translate it to the nearest colour that belongs to the style - the style palette always wins. Keep the subject's composition, mood and direction of light exactly. 16:9 aspect ratio, 2560x1440, desktop wallpaper. Dark overall so white UI text stays readable on top. Uncluttered centre — keep detail and interest toward the edges and corners. No text, no letters, no numbers, no watermark, no logo, no signature, no people, no faces, no hands, no recognisable products.
neon/azure.png	Abstract cyberpunk wallpaper: near-black #04050a base, high-chroma neon accent light, volumetric glow and light bloom, faint horizontal scanlines, subtle chromatic aberration on bright edges, deep contrast, cinematic, Blade Runner colour grade. electric azure streams flowing through dark space, luminous nodes and connecting lines, precise. Where the subject names a colour absent from this style's palette, translate it to the nearest colour that belongs to the style - the style palette always wins. Keep the subject's composition, mood and direction of light exactly. 16:9 aspect ratio, 2560x1440, desktop wallpaper. Dark overall so white UI text stays readable on top. Uncluttered centre — keep detail and interest toward the edges and corners. No text, no letters, no numbers, no watermark, no logo, no signature, no people, no faces, no hands, no recognisable products.
neon/cobalt.png	Abstract cyberpunk wallpaper: near-black #04050a base, high-chroma neon accent light, volumetric glow and light bloom, faint horizontal scanlines, subtle chromatic aberration on bright edges, deep contrast, cinematic, Blade Runner colour grade. deep cobalt light falling in long focused shafts through vertical structure, crisp and awake. Where the subject names a colour absent from this style's palette, translate it to the nearest colour that belongs to the style - the style palette always wins. Keep the subject's composition, mood and direction of light exactly. 16:9 aspect ratio, 2560x1440, desktop wallpaper. Dark overall so white UI text stays readable on top. Uncluttered centre — keep detail and interest toward the edges and corners. No text, no letters, no numbers, no watermark, no logo, no signature, no people, no faces, no hands, no recognisable products.
neon/indigo.png	Abstract cyberpunk wallpaper: near-black #04050a base, high-chroma neon accent light, volumetric glow and light bloom, faint horizontal scanlines, subtle chromatic aberration on bright edges, deep contrast, cinematic, Blade Runner colour grade. a deep indigo and periwinkle nebula haze, very still and quiet, midnight calm. Where the subject names a colour absent from this style's palette, translate it to the nearest colour that belongs to the style - the style palette always wins. Keep the subject's composition, mood and direction of light exactly. 16:9 aspect ratio, 2560x1440, desktop wallpaper. Dark overall so white UI text stays readable on top. Uncluttered centre — keep detail and interest toward the edges and corners. No text, no letters, no numbers, no watermark, no logo, no signature, no people, no faces, no hands, no recognisable products.
neon/violet.png	Abstract cyberpunk wallpaper: near-black #04050a base, high-chroma neon accent light, volumetric glow and light bloom, faint horizontal scanlines, subtle chromatic aberration on bright edges, deep contrast, cinematic, Blade Runner colour grade. electric violet and magenta filaments branching through dark space, synthetic and luminous. Where the subject names a colour absent from this style's palette, translate it to the nearest colour that belongs to the style - the style palette always wins. Keep the subject's composition, mood and direction of light exactly. 16:9 aspect ratio, 2560x1440, desktop wallpaper. Dark overall so white UI text stays readable on top. Uncluttered centre — keep detail and interest toward the edges and corners. No text, no letters, no numbers, no watermark, no logo, no signature, no people, no faces, no hands, no recognisable products.
neon/sand.png	Abstract cyberpunk wallpaper: near-black #04050a base, high-chroma neon accent light, volumetric glow and light bloom, faint horizontal scanlines, subtle chromatic aberration on bright edges, deep contrast, cinematic, Blade Runner colour grade. warm sand and taupe light receding down a long perspective gradient, muted, unhurried. Where the subject names a colour absent from this style's palette, translate it to the nearest colour that belongs to the style - the style palette always wins. Keep the subject's composition, mood and direction of light exactly. 16:9 aspect ratio, 2560x1440, desktop wallpaper. Dark overall so white UI text stays readable on top. Uncluttered centre — keep detail and interest toward the edges and corners. No text, no letters, no numbers, no watermark, no logo, no signature, no people, no faces, no hands, no recognisable products.
neon/graphite.png	Abstract cyberpunk wallpaper: near-black #04050a base, high-chroma neon accent light, volumetric glow and light bloom, faint horizontal scanlines, subtle chromatic aberration on bright edges, deep contrast, cinematic, Blade Runner colour grade. restrained graphite and silver light, neutral, minimal, quietly technical. Where the subject names a colour absent from this style's palette, translate it to the nearest colour that belongs to the style - the style palette always wins. Keep the subject's composition, mood and direction of light exactly. 16:9 aspect ratio, 2560x1440, desktop wallpaper. Dark overall so white UI text stays readable on top. Uncluttered centre — keep detail and interest toward the edges and corners. No text, no letters, no numbers, no watermark, no logo, no signature, no people, no faces, no hands, no recognisable products.
cyberprep/ember.png	Abstract wallpaper, cyberprep — the optimistic answer to cyberpunk. Dark polished graphite and slate base, brushed aluminium and pale chrome surfaces, clean sky-cyan #5AC8F5 and soft white accent light, crisp rim highlights, immaculate and unweathered, calm corporate futurism, generous negative space, no grime, no decay, no signage. deep crimson and scarlet light sweeping across shadow, embers still glowing at the edges, tense and alive. Where the subject names a colour absent from this style's palette, translate it to the nearest colour that belongs to the style - the style palette always wins. Keep the subject's composition, mood and direction of light exactly. 16:9 aspect ratio, 2560x1440, desktop wallpaper. Dark overall so white UI text stays readable on top. Uncluttered centre — keep detail and interest toward the edges and corners. No text, no letters, no numbers, no watermark, no logo, no signature, no people, no faces, no hands, no recognisable products.
cyberprep/rose.png	Abstract wallpaper, cyberprep — the optimistic answer to cyberpunk. Dark polished graphite and slate base, brushed aluminium and pale chrome surfaces, clean sky-cyan #5AC8F5 and soft white accent light, crisp rim highlights, immaculate and unweathered, calm corporate futurism, generous negative space, no grime, no decay, no signage. hot pink and magenta blooming outward in dark space, soft overlapping petals of light, electric and romantic. Where the subject names a colour absent from this style's palette, translate it to the nearest colour that belongs to the style - the style palette always wins. Keep the subject's composition, mood and direction of light exactly. 16:9 aspect ratio, 2560x1440, desktop wallpaper. Dark overall so white UI text stays readable on top. Uncluttered centre — keep detail and interest toward the edges and corners. No text, no letters, no numbers, no watermark, no logo, no signature, no people, no faces, no hands, no recognisable products.
cyberprep/amber.png	Abstract wallpaper, cyberprep — the optimistic answer to cyberpunk. Dark polished graphite and slate base, brushed aluminium and pale chrome surfaces, clean sky-cyan #5AC8F5 and soft white accent light, crisp rim highlights, immaculate and unweathered, calm corporate futurism, generous negative space, no grime, no decay, no signage. warm amber and burnt orange light folding over itself, like late sun spilling through an open doorway. Where the subject names a colour absent from this style's palette, translate it to the nearest colour that belongs to the style - the style palette always wins. Keep the subject's composition, mood and direction of light exactly. 16:9 aspect ratio, 2560x1440, desktop wallpaper. Dark overall so white UI text stays readable on top. Uncluttered centre — keep detail and interest toward the edges and corners. No text, no letters, no numbers, no watermark, no logo, no signature, no people, no faces, no hands, no recognisable products.
cyberprep/citrine.png	Abstract wallpaper, cyberprep — the optimistic answer to cyberpunk. Dark polished graphite and slate base, brushed aluminium and pale chrome surfaces, clean sky-cyan #5AC8F5 and soft white accent light, crisp rim highlights, immaculate and unweathered, calm corporate futurism, generous negative space, no grime, no decay, no signage. golden yellow light crackling against deep dark, high-voltage brightness, sharp and charged. Where the subject names a colour absent from this style's palette, translate it to the nearest colour that belongs to the style - the style palette always wins. Keep the subject's composition, mood and direction of light exactly. 16:9 aspect ratio, 2560x1440, desktop wallpaper. Dark overall so white UI text stays readable on top. Uncluttered centre — keep detail and interest toward the edges and corners. No text, no letters, no numbers, no watermark, no logo, no signature, no people, no faces, no hands, no recognisable products.
cyberprep/lime.png	Abstract wallpaper, cyberprep — the optimistic answer to cyberpunk. Dark polished graphite and slate base, brushed aluminium and pale chrome surfaces, clean sky-cyan #5AC8F5 and soft white accent light, crisp rim highlights, immaculate and unweathered, calm corporate futurism, generous negative space, no grime, no decay, no signage. chartreuse and yellow-green currents streaming like energy in motion, kinetic, dark background. Where the subject names a colour absent from this style's palette, translate it to the nearest colour that belongs to the style - the style palette always wins. Keep the subject's composition, mood and direction of light exactly. 16:9 aspect ratio, 2560x1440, desktop wallpaper. Dark overall so white UI text stays readable on top. Uncluttered centre — keep detail and interest toward the edges and corners. No text, no letters, no numbers, no watermark, no logo, no signature, no people, no faces, no hands, no recognisable products.
cyberprep/verdant.png	Abstract wallpaper, cyberprep — the optimistic answer to cyberpunk. Dark polished graphite and slate base, brushed aluminium and pale chrome surfaces, clean sky-cyan #5AC8F5 and soft white accent light, crisp rim highlights, immaculate and unweathered, calm corporate futurism, generous negative space, no grime, no decay, no signage. vivid saturated green light through dense foliage, dew catching the light, soft focus, dark edges. Where the subject names a colour absent from this style's palette, translate it to the nearest colour that belongs to the style - the style palette always wins. Keep the subject's composition, mood and direction of light exactly. 16:9 aspect ratio, 2560x1440, desktop wallpaper. Dark overall so white UI text stays readable on top. Uncluttered centre — keep detail and interest toward the edges and corners. No text, no letters, no numbers, no watermark, no logo, no signature, no people, no faces, no hands, no recognisable products.
cyberprep/jade.png	Abstract wallpaper, cyberprep — the optimistic answer to cyberpunk. Dark polished graphite and slate base, brushed aluminium and pale chrome surfaces, clean sky-cyan #5AC8F5 and soft white accent light, crisp rim highlights, immaculate and unweathered, calm corporate futurism, generous negative space, no grime, no decay, no signage. soft jade and mint mist drifting slowly, cool and restorative, minimal, very quiet. Where the subject names a colour absent from this style's palette, translate it to the nearest colour that belongs to the style - the style palette always wins. Keep the subject's composition, mood and direction of light exactly. 16:9 aspect ratio, 2560x1440, desktop wallpaper. Dark overall so white UI text stays readable on top. Uncluttered centre — keep detail and interest toward the edges and corners. No text, no letters, no numbers, no watermark, no logo, no signature, no people, no faces, no hands, no recognisable products.
cyberprep/lagoon.png	Abstract wallpaper, cyberprep — the optimistic answer to cyberpunk. Dark polished graphite and slate base, brushed aluminium and pale chrome surfaces, clean sky-cyan #5AC8F5 and soft white accent light, crisp rim highlights, immaculate and unweathered, calm corporate futurism, generous negative space, no grime, no decay, no signage. aqua and cyan caustics rippling as if seen through shallow water, soft focus, clean and weightless. Where the subject names a colour absent from this style's palette, translate it to the nearest colour that belongs to the style - the style palette always wins. Keep the subject's composition, mood and direction of light exactly. 16:9 aspect ratio, 2560x1440, desktop wallpaper. Dark overall so white UI text stays readable on top. Uncluttered centre — keep detail and interest toward the edges and corners. No text, no letters, no numbers, no watermark, no logo, no signature, no people, no faces, no hands, no recognisable products.
cyberprep/azure.png	Abstract wallpaper, cyberprep — the optimistic answer to cyberpunk. Dark polished graphite and slate base, brushed aluminium and pale chrome surfaces, clean sky-cyan #5AC8F5 and soft white accent light, crisp rim highlights, immaculate and unweathered, calm corporate futurism, generous negative space, no grime, no decay, no signage. electric azure streams flowing through dark space, luminous nodes and connecting lines, precise. Where the subject names a colour absent from this style's palette, translate it to the nearest colour that belongs to the style - the style palette always wins. Keep the subject's composition, mood and direction of light exactly. 16:9 aspect ratio, 2560x1440, desktop wallpaper. Dark overall so white UI text stays readable on top. Uncluttered centre — keep detail and interest toward the edges and corners. No text, no letters, no numbers, no watermark, no logo, no signature, no people, no faces, no hands, no recognisable products.
cyberprep/cobalt.png	Abstract wallpaper, cyberprep — the optimistic answer to cyberpunk. Dark polished graphite and slate base, brushed aluminium and pale chrome surfaces, clean sky-cyan #5AC8F5 and soft white accent light, crisp rim highlights, immaculate and unweathered, calm corporate futurism, generous negative space, no grime, no decay, no signage. deep cobalt light falling in long focused shafts through vertical structure, crisp and awake. Where the subject names a colour absent from this style's palette, translate it to the nearest colour that belongs to the style - the style palette always wins. Keep the subject's composition, mood and direction of light exactly. 16:9 aspect ratio, 2560x1440, desktop wallpaper. Dark overall so white UI text stays readable on top. Uncluttered centre — keep detail and interest toward the edges and corners. No text, no letters, no numbers, no watermark, no logo, no signature, no people, no faces, no hands, no recognisable products.
cyberprep/indigo.png	Abstract wallpaper, cyberprep — the optimistic answer to cyberpunk. Dark polished graphite and slate base, brushed aluminium and pale chrome surfaces, clean sky-cyan #5AC8F5 and soft white accent light, crisp rim highlights, immaculate and unweathered, calm corporate futurism, generous negative space, no grime, no decay, no signage. a deep indigo and periwinkle nebula haze, very still and quiet, midnight calm. Where the subject names a colour absent from this style's palette, translate it to the nearest colour that belongs to the style - the style palette always wins. Keep the subject's composition, mood and direction of light exactly. 16:9 aspect ratio, 2560x1440, desktop wallpaper. Dark overall so white UI text stays readable on top. Uncluttered centre — keep detail and interest toward the edges and corners. No text, no letters, no numbers, no watermark, no logo, no signature, no people, no faces, no hands, no recognisable products.
cyberprep/violet.png	Abstract wallpaper, cyberprep — the optimistic answer to cyberpunk. Dark polished graphite and slate base, brushed aluminium and pale chrome surfaces, clean sky-cyan #5AC8F5 and soft white accent light, crisp rim highlights, immaculate and unweathered, calm corporate futurism, generous negative space, no grime, no decay, no signage. electric violet and magenta filaments branching through dark space, synthetic and luminous. Where the subject names a colour absent from this style's palette, translate it to the nearest colour that belongs to the style - the style palette always wins. Keep the subject's composition, mood and direction of light exactly. 16:9 aspect ratio, 2560x1440, desktop wallpaper. Dark overall so white UI text stays readable on top. Uncluttered centre — keep detail and interest toward the edges and corners. No text, no letters, no numbers, no watermark, no logo, no signature, no people, no faces, no hands, no recognisable products.
cyberprep/sand.png	Abstract wallpaper, cyberprep — the optimistic answer to cyberpunk. Dark polished graphite and slate base, brushed aluminium and pale chrome surfaces, clean sky-cyan #5AC8F5 and soft white accent light, crisp rim highlights, immaculate and unweathered, calm corporate futurism, generous negative space, no grime, no decay, no signage. warm sand and taupe light receding down a long perspective gradient, muted, unhurried. Where the subject names a colour absent from this style's palette, translate it to the nearest colour that belongs to the style - the style palette always wins. Keep the subject's composition, mood and direction of light exactly. 16:9 aspect ratio, 2560x1440, desktop wallpaper. Dark overall so white UI text stays readable on top. Uncluttered centre — keep detail and interest toward the edges and corners. No text, no letters, no numbers, no watermark, no logo, no signature, no people, no faces, no hands, no recognisable products.
cyberprep/graphite.png	Abstract wallpaper, cyberprep — the optimistic answer to cyberpunk. Dark polished graphite and slate base, brushed aluminium and pale chrome surfaces, clean sky-cyan #5AC8F5 and soft white accent light, crisp rim highlights, immaculate and unweathered, calm corporate futurism, generous negative space, no grime, no decay, no signage. restrained graphite and silver light, neutral, minimal, quietly technical. Where the subject names a colour absent from this style's palette, translate it to the nearest colour that belongs to the style - the style palette always wins. Keep the subject's composition, mood and direction of light exactly. 16:9 aspect ratio, 2560x1440, desktop wallpaper. Dark overall so white UI text stays readable on top. Uncluttered centre — keep detail and interest toward the edges and corners. No text, no letters, no numbers, no watermark, no logo, no signature, no people, no faces, no hands, no recognisable products.
cyberpunk/ember.png	Abstract wallpaper, street-level cyberpunk: rain-slick black asphalt reflecting smeared teal #00E5C0 and hot magenta #FF2E88 signage bokeh, dense atmospheric haze and drifting steam, wet reflections stretched into vertical streaks, grimy and lived-in, heavy contrast, sodium spill in the shadows, 35mm anamorphic flare, gritty film grain. deep crimson and scarlet light sweeping across shadow, embers still glowing at the edges, tense and alive. Where the subject names a colour absent from this style's palette, translate it to the nearest colour that belongs to the style - the style palette always wins. Keep the subject's composition, mood and direction of light exactly. 16:9 aspect ratio, 2560x1440, desktop wallpaper. Dark overall so white UI text stays readable on top. Uncluttered centre — keep detail and interest toward the edges and corners. No text, no letters, no numbers, no watermark, no logo, no signature, no people, no faces, no hands, no recognisable products.
cyberpunk/rose.png	Abstract wallpaper, street-level cyberpunk: rain-slick black asphalt reflecting smeared teal #00E5C0 and hot magenta #FF2E88 signage bokeh, dense atmospheric haze and drifting steam, wet reflections stretched into vertical streaks, grimy and lived-in, heavy contrast, sodium spill in the shadows, 35mm anamorphic flare, gritty film grain. hot pink and magenta blooming outward in dark space, soft overlapping petals of light, electric and romantic. Where the subject names a colour absent from this style's palette, translate it to the nearest colour that belongs to the style - the style palette always wins. Keep the subject's composition, mood and direction of light exactly. 16:9 aspect ratio, 2560x1440, desktop wallpaper. Dark overall so white UI text stays readable on top. Uncluttered centre — keep detail and interest toward the edges and corners. No text, no letters, no numbers, no watermark, no logo, no signature, no people, no faces, no hands, no recognisable products.
cyberpunk/amber.png	Abstract wallpaper, street-level cyberpunk: rain-slick black asphalt reflecting smeared teal #00E5C0 and hot magenta #FF2E88 signage bokeh, dense atmospheric haze and drifting steam, wet reflections stretched into vertical streaks, grimy and lived-in, heavy contrast, sodium spill in the shadows, 35mm anamorphic flare, gritty film grain. warm amber and burnt orange light folding over itself, like late sun spilling through an open doorway. Where the subject names a colour absent from this style's palette, translate it to the nearest colour that belongs to the style - the style palette always wins. Keep the subject's composition, mood and direction of light exactly. 16:9 aspect ratio, 2560x1440, desktop wallpaper. Dark overall so white UI text stays readable on top. Uncluttered centre — keep detail and interest toward the edges and corners. No text, no letters, no numbers, no watermark, no logo, no signature, no people, no faces, no hands, no recognisable products.
cyberpunk/citrine.png	Abstract wallpaper, street-level cyberpunk: rain-slick black asphalt reflecting smeared teal #00E5C0 and hot magenta #FF2E88 signage bokeh, dense atmospheric haze and drifting steam, wet reflections stretched into vertical streaks, grimy and lived-in, heavy contrast, sodium spill in the shadows, 35mm anamorphic flare, gritty film grain. golden yellow light crackling against deep dark, high-voltage brightness, sharp and charged. Where the subject names a colour absent from this style's palette, translate it to the nearest colour that belongs to the style - the style palette always wins. Keep the subject's composition, mood and direction of light exactly. 16:9 aspect ratio, 2560x1440, desktop wallpaper. Dark overall so white UI text stays readable on top. Uncluttered centre — keep detail and interest toward the edges and corners. No text, no letters, no numbers, no watermark, no logo, no signature, no people, no faces, no hands, no recognisable products.
cyberpunk/lime.png	Abstract wallpaper, street-level cyberpunk: rain-slick black asphalt reflecting smeared teal #00E5C0 and hot magenta #FF2E88 signage bokeh, dense atmospheric haze and drifting steam, wet reflections stretched into vertical streaks, grimy and lived-in, heavy contrast, sodium spill in the shadows, 35mm anamorphic flare, gritty film grain. chartreuse and yellow-green currents streaming like energy in motion, kinetic, dark background. Where the subject names a colour absent from this style's palette, translate it to the nearest colour that belongs to the style - the style palette always wins. Keep the subject's composition, mood and direction of light exactly. 16:9 aspect ratio, 2560x1440, desktop wallpaper. Dark overall so white UI text stays readable on top. Uncluttered centre — keep detail and interest toward the edges and corners. No text, no letters, no numbers, no watermark, no logo, no signature, no people, no faces, no hands, no recognisable products.
cyberpunk/verdant.png	Abstract wallpaper, street-level cyberpunk: rain-slick black asphalt reflecting smeared teal #00E5C0 and hot magenta #FF2E88 signage bokeh, dense atmospheric haze and drifting steam, wet reflections stretched into vertical streaks, grimy and lived-in, heavy contrast, sodium spill in the shadows, 35mm anamorphic flare, gritty film grain. vivid saturated green light through dense foliage, dew catching the light, soft focus, dark edges. Where the subject names a colour absent from this style's palette, translate it to the nearest colour that belongs to the style - the style palette always wins. Keep the subject's composition, mood and direction of light exactly. 16:9 aspect ratio, 2560x1440, desktop wallpaper. Dark overall so white UI text stays readable on top. Uncluttered centre — keep detail and interest toward the edges and corners. No text, no letters, no numbers, no watermark, no logo, no signature, no people, no faces, no hands, no recognisable products.
cyberpunk/jade.png	Abstract wallpaper, street-level cyberpunk: rain-slick black asphalt reflecting smeared teal #00E5C0 and hot magenta #FF2E88 signage bokeh, dense atmospheric haze and drifting steam, wet reflections stretched into vertical streaks, grimy and lived-in, heavy contrast, sodium spill in the shadows, 35mm anamorphic flare, gritty film grain. soft jade and mint mist drifting slowly, cool and restorative, minimal, very quiet. Where the subject names a colour absent from this style's palette, translate it to the nearest colour that belongs to the style - the style palette always wins. Keep the subject's composition, mood and direction of light exactly. 16:9 aspect ratio, 2560x1440, desktop wallpaper. Dark overall so white UI text stays readable on top. Uncluttered centre — keep detail and interest toward the edges and corners. No text, no letters, no numbers, no watermark, no logo, no signature, no people, no faces, no hands, no recognisable products.
cyberpunk/lagoon.png	Abstract wallpaper, street-level cyberpunk: rain-slick black asphalt reflecting smeared teal #00E5C0 and hot magenta #FF2E88 signage bokeh, dense atmospheric haze and drifting steam, wet reflections stretched into vertical streaks, grimy and lived-in, heavy contrast, sodium spill in the shadows, 35mm anamorphic flare, gritty film grain. aqua and cyan caustics rippling as if seen through shallow water, soft focus, clean and weightless. Where the subject names a colour absent from this style's palette, translate it to the nearest colour that belongs to the style - the style palette always wins. Keep the subject's composition, mood and direction of light exactly. 16:9 aspect ratio, 2560x1440, desktop wallpaper. Dark overall so white UI text stays readable on top. Uncluttered centre — keep detail and interest toward the edges and corners. No text, no letters, no numbers, no watermark, no logo, no signature, no people, no faces, no hands, no recognisable products.
cyberpunk/azure.png	Abstract wallpaper, street-level cyberpunk: rain-slick black asphalt reflecting smeared teal #00E5C0 and hot magenta #FF2E88 signage bokeh, dense atmospheric haze and drifting steam, wet reflections stretched into vertical streaks, grimy and lived-in, heavy contrast, sodium spill in the shadows, 35mm anamorphic flare, gritty film grain. electric azure streams flowing through dark space, luminous nodes and connecting lines, precise. Where the subject names a colour absent from this style's palette, translate it to the nearest colour that belongs to the style - the style palette always wins. Keep the subject's composition, mood and direction of light exactly. 16:9 aspect ratio, 2560x1440, desktop wallpaper. Dark overall so white UI text stays readable on top. Uncluttered centre — keep detail and interest toward the edges and corners. No text, no letters, no numbers, no watermark, no logo, no signature, no people, no faces, no hands, no recognisable products.
cyberpunk/cobalt.png	Abstract wallpaper, street-level cyberpunk: rain-slick black asphalt reflecting smeared teal #00E5C0 and hot magenta #FF2E88 signage bokeh, dense atmospheric haze and drifting steam, wet reflections stretched into vertical streaks, grimy and lived-in, heavy contrast, sodium spill in the shadows, 35mm anamorphic flare, gritty film grain. deep cobalt light falling in long focused shafts through vertical structure, crisp and awake. Where the subject names a colour absent from this style's palette, translate it to the nearest colour that belongs to the style - the style palette always wins. Keep the subject's composition, mood and direction of light exactly. 16:9 aspect ratio, 2560x1440, desktop wallpaper. Dark overall so white UI text stays readable on top. Uncluttered centre — keep detail and interest toward the edges and corners. No text, no letters, no numbers, no watermark, no logo, no signature, no people, no faces, no hands, no recognisable products.
cyberpunk/indigo.png	Abstract wallpaper, street-level cyberpunk: rain-slick black asphalt reflecting smeared teal #00E5C0 and hot magenta #FF2E88 signage bokeh, dense atmospheric haze and drifting steam, wet reflections stretched into vertical streaks, grimy and lived-in, heavy contrast, sodium spill in the shadows, 35mm anamorphic flare, gritty film grain. a deep indigo and periwinkle nebula haze, very still and quiet, midnight calm. Where the subject names a colour absent from this style's palette, translate it to the nearest colour that belongs to the style - the style palette always wins. Keep the subject's composition, mood and direction of light exactly. 16:9 aspect ratio, 2560x1440, desktop wallpaper. Dark overall so white UI text stays readable on top. Uncluttered centre — keep detail and interest toward the edges and corners. No text, no letters, no numbers, no watermark, no logo, no signature, no people, no faces, no hands, no recognisable products.
cyberpunk/violet.png	Abstract wallpaper, street-level cyberpunk: rain-slick black asphalt reflecting smeared teal #00E5C0 and hot magenta #FF2E88 signage bokeh, dense atmospheric haze and drifting steam, wet reflections stretched into vertical streaks, grimy and lived-in, heavy contrast, sodium spill in the shadows, 35mm anamorphic flare, gritty film grain. electric violet and magenta filaments branching through dark space, synthetic and luminous. Where the subject names a colour absent from this style's palette, translate it to the nearest colour that belongs to the style - the style palette always wins. Keep the subject's composition, mood and direction of light exactly. 16:9 aspect ratio, 2560x1440, desktop wallpaper. Dark overall so white UI text stays readable on top. Uncluttered centre — keep detail and interest toward the edges and corners. No text, no letters, no numbers, no watermark, no logo, no signature, no people, no faces, no hands, no recognisable products.
cyberpunk/sand.png	Abstract wallpaper, street-level cyberpunk: rain-slick black asphalt reflecting smeared teal #00E5C0 and hot magenta #FF2E88 signage bokeh, dense atmospheric haze and drifting steam, wet reflections stretched into vertical streaks, grimy and lived-in, heavy contrast, sodium spill in the shadows, 35mm anamorphic flare, gritty film grain. warm sand and taupe light receding down a long perspective gradient, muted, unhurried. Where the subject names a colour absent from this style's palette, translate it to the nearest colour that belongs to the style - the style palette always wins. Keep the subject's composition, mood and direction of light exactly. 16:9 aspect ratio, 2560x1440, desktop wallpaper. Dark overall so white UI text stays readable on top. Uncluttered centre — keep detail and interest toward the edges and corners. No text, no letters, no numbers, no watermark, no logo, no signature, no people, no faces, no hands, no recognisable products.
cyberpunk/graphite.png	Abstract wallpaper, street-level cyberpunk: rain-slick black asphalt reflecting smeared teal #00E5C0 and hot magenta #FF2E88 signage bokeh, dense atmospheric haze and drifting steam, wet reflections stretched into vertical streaks, grimy and lived-in, heavy contrast, sodium spill in the shadows, 35mm anamorphic flare, gritty film grain. restrained graphite and silver light, neutral, minimal, quietly technical. Where the subject names a colour absent from this style's palette, translate it to the nearest colour that belongs to the style - the style palette always wins. Keep the subject's composition, mood and direction of light exactly. 16:9 aspect ratio, 2560x1440, desktop wallpaper. Dark overall so white UI text stays readable on top. Uncluttered centre — keep detail and interest toward the edges and corners. No text, no letters, no numbers, no watermark, no logo, no signature, no people, no faces, no hands, no recognisable products.
solarpunk/ember.png	Abstract wallpaper, solarpunk: deep forest green base with warm gold sunlight filtering through a dense living canopy, organic art-nouveau curves in the light itself, verdant #2E7D5B and honey #E3B04B, dappled shade, pollen and dust motes catching sun, hopeful and overgrown, soft focus, dark at the edges where the canopy closes in. deep crimson and scarlet light sweeping across shadow, embers still glowing at the edges, tense and alive. Where the subject names a colour absent from this style's palette, translate it to the nearest colour that belongs to the style - the style palette always wins. Keep the subject's composition, mood and direction of light exactly. 16:9 aspect ratio, 2560x1440, desktop wallpaper. Dark overall so white UI text stays readable on top. Uncluttered centre — keep detail and interest toward the edges and corners. No text, no letters, no numbers, no watermark, no logo, no signature, no people, no faces, no hands, no recognisable products.
solarpunk/rose.png	Abstract wallpaper, solarpunk: deep forest green base with warm gold sunlight filtering through a dense living canopy, organic art-nouveau curves in the light itself, verdant #2E7D5B and honey #E3B04B, dappled shade, pollen and dust motes catching sun, hopeful and overgrown, soft focus, dark at the edges where the canopy closes in. hot pink and magenta blooming outward in dark space, soft overlapping petals of light, electric and romantic. Where the subject names a colour absent from this style's palette, translate it to the nearest colour that belongs to the style - the style palette always wins. Keep the subject's composition, mood and direction of light exactly. 16:9 aspect ratio, 2560x1440, desktop wallpaper. Dark overall so white UI text stays readable on top. Uncluttered centre — keep detail and interest toward the edges and corners. No text, no letters, no numbers, no watermark, no logo, no signature, no people, no faces, no hands, no recognisable products.
solarpunk/amber.png	Abstract wallpaper, solarpunk: deep forest green base with warm gold sunlight filtering through a dense living canopy, organic art-nouveau curves in the light itself, verdant #2E7D5B and honey #E3B04B, dappled shade, pollen and dust motes catching sun, hopeful and overgrown, soft focus, dark at the edges where the canopy closes in. warm amber and burnt orange light folding over itself, like late sun spilling through an open doorway. Where the subject names a colour absent from this style's palette, translate it to the nearest colour that belongs to the style - the style palette always wins. Keep the subject's composition, mood and direction of light exactly. 16:9 aspect ratio, 2560x1440, desktop wallpaper. Dark overall so white UI text stays readable on top. Uncluttered centre — keep detail and interest toward the edges and corners. No text, no letters, no numbers, no watermark, no logo, no signature, no people, no faces, no hands, no recognisable products.
solarpunk/citrine.png	Abstract wallpaper, solarpunk: deep forest green base with warm gold sunlight filtering through a dense living canopy, organic art-nouveau curves in the light itself, verdant #2E7D5B and honey #E3B04B, dappled shade, pollen and dust motes catching sun, hopeful and overgrown, soft focus, dark at the edges where the canopy closes in. golden yellow light crackling against deep dark, high-voltage brightness, sharp and charged. Where the subject names a colour absent from this style's palette, translate it to the nearest colour that belongs to the style - the style palette always wins. Keep the subject's composition, mood and direction of light exactly. 16:9 aspect ratio, 2560x1440, desktop wallpaper. Dark overall so white UI text stays readable on top. Uncluttered centre — keep detail and interest toward the edges and corners. No text, no letters, no numbers, no watermark, no logo, no signature, no people, no faces, no hands, no recognisable products.
solarpunk/lime.png	Abstract wallpaper, solarpunk: deep forest green base with warm gold sunlight filtering through a dense living canopy, organic art-nouveau curves in the light itself, verdant #2E7D5B and honey #E3B04B, dappled shade, pollen and dust motes catching sun, hopeful and overgrown, soft focus, dark at the edges where the canopy closes in. chartreuse and yellow-green currents streaming like energy in motion, kinetic, dark background. Where the subject names a colour absent from this style's palette, translate it to the nearest colour that belongs to the style - the style palette always wins. Keep the subject's composition, mood and direction of light exactly. 16:9 aspect ratio, 2560x1440, desktop wallpaper. Dark overall so white UI text stays readable on top. Uncluttered centre — keep detail and interest toward the edges and corners. No text, no letters, no numbers, no watermark, no logo, no signature, no people, no faces, no hands, no recognisable products.
solarpunk/verdant.png	Abstract wallpaper, solarpunk: deep forest green base with warm gold sunlight filtering through a dense living canopy, organic art-nouveau curves in the light itself, verdant #2E7D5B and honey #E3B04B, dappled shade, pollen and dust motes catching sun, hopeful and overgrown, soft focus, dark at the edges where the canopy closes in. vivid saturated green light through dense foliage, dew catching the light, soft focus, dark edges. Where the subject names a colour absent from this style's palette, translate it to the nearest colour that belongs to the style - the style palette always wins. Keep the subject's composition, mood and direction of light exactly. 16:9 aspect ratio, 2560x1440, desktop wallpaper. Dark overall so white UI text stays readable on top. Uncluttered centre — keep detail and interest toward the edges and corners. No text, no letters, no numbers, no watermark, no logo, no signature, no people, no faces, no hands, no recognisable products.
solarpunk/jade.png	Abstract wallpaper, solarpunk: deep forest green base with warm gold sunlight filtering through a dense living canopy, organic art-nouveau curves in the light itself, verdant #2E7D5B and honey #E3B04B, dappled shade, pollen and dust motes catching sun, hopeful and overgrown, soft focus, dark at the edges where the canopy closes in. soft jade and mint mist drifting slowly, cool and restorative, minimal, very quiet. Where the subject names a colour absent from this style's palette, translate it to the nearest colour that belongs to the style - the style palette always wins. Keep the subject's composition, mood and direction of light exactly. 16:9 aspect ratio, 2560x1440, desktop wallpaper. Dark overall so white UI text stays readable on top. Uncluttered centre — keep detail and interest toward the edges and corners. No text, no letters, no numbers, no watermark, no logo, no signature, no people, no faces, no hands, no recognisable products.
solarpunk/lagoon.png	Abstract wallpaper, solarpunk: deep forest green base with warm gold sunlight filtering through a dense living canopy, organic art-nouveau curves in the light itself, verdant #2E7D5B and honey #E3B04B, dappled shade, pollen and dust motes catching sun, hopeful and overgrown, soft focus, dark at the edges where the canopy closes in. aqua and cyan caustics rippling as if seen through shallow water, soft focus, clean and weightless. Where the subject names a colour absent from this style's palette, translate it to the nearest colour that belongs to the style - the style palette always wins. Keep the subject's composition, mood and direction of light exactly. 16:9 aspect ratio, 2560x1440, desktop wallpaper. Dark overall so white UI text stays readable on top. Uncluttered centre — keep detail and interest toward the edges and corners. No text, no letters, no numbers, no watermark, no logo, no signature, no people, no faces, no hands, no recognisable products.
solarpunk/azure.png	Abstract wallpaper, solarpunk: deep forest green base with warm gold sunlight filtering through a dense living canopy, organic art-nouveau curves in the light itself, verdant #2E7D5B and honey #E3B04B, dappled shade, pollen and dust motes catching sun, hopeful and overgrown, soft focus, dark at the edges where the canopy closes in. electric azure streams flowing through dark space, luminous nodes and connecting lines, precise. Where the subject names a colour absent from this style's palette, translate it to the nearest colour that belongs to the style - the style palette always wins. Keep the subject's composition, mood and direction of light exactly. 16:9 aspect ratio, 2560x1440, desktop wallpaper. Dark overall so white UI text stays readable on top. Uncluttered centre — keep detail and interest toward the edges and corners. No text, no letters, no numbers, no watermark, no logo, no signature, no people, no faces, no hands, no recognisable products.
solarpunk/cobalt.png	Abstract wallpaper, solarpunk: deep forest green base with warm gold sunlight filtering through a dense living canopy, organic art-nouveau curves in the light itself, verdant #2E7D5B and honey #E3B04B, dappled shade, pollen and dust motes catching sun, hopeful and overgrown, soft focus, dark at the edges where the canopy closes in. deep cobalt light falling in long focused shafts through vertical structure, crisp and awake. Where the subject names a colour absent from this style's palette, translate it to the nearest colour that belongs to the style - the style palette always wins. Keep the subject's composition, mood and direction of light exactly. 16:9 aspect ratio, 2560x1440, desktop wallpaper. Dark overall so white UI text stays readable on top. Uncluttered centre — keep detail and interest toward the edges and corners. No text, no letters, no numbers, no watermark, no logo, no signature, no people, no faces, no hands, no recognisable products.
solarpunk/indigo.png	Abstract wallpaper, solarpunk: deep forest green base with warm gold sunlight filtering through a dense living canopy, organic art-nouveau curves in the light itself, verdant #2E7D5B and honey #E3B04B, dappled shade, pollen and dust motes catching sun, hopeful and overgrown, soft focus, dark at the edges where the canopy closes in. a deep indigo and periwinkle nebula haze, very still and quiet, midnight calm. Where the subject names a colour absent from this style's palette, translate it to the nearest colour that belongs to the style - the style palette always wins. Keep the subject's composition, mood and direction of light exactly. 16:9 aspect ratio, 2560x1440, desktop wallpaper. Dark overall so white UI text stays readable on top. Uncluttered centre — keep detail and interest toward the edges and corners. No text, no letters, no numbers, no watermark, no logo, no signature, no people, no faces, no hands, no recognisable products.
solarpunk/violet.png	Abstract wallpaper, solarpunk: deep forest green base with warm gold sunlight filtering through a dense living canopy, organic art-nouveau curves in the light itself, verdant #2E7D5B and honey #E3B04B, dappled shade, pollen and dust motes catching sun, hopeful and overgrown, soft focus, dark at the edges where the canopy closes in. electric violet and magenta filaments branching through dark space, synthetic and luminous. Where the subject names a colour absent from this style's palette, translate it to the nearest colour that belongs to the style - the style palette always wins. Keep the subject's composition, mood and direction of light exactly. 16:9 aspect ratio, 2560x1440, desktop wallpaper. Dark overall so white UI text stays readable on top. Uncluttered centre — keep detail and interest toward the edges and corners. No text, no letters, no numbers, no watermark, no logo, no signature, no people, no faces, no hands, no recognisable products.
solarpunk/sand.png	Abstract wallpaper, solarpunk: deep forest green base with warm gold sunlight filtering through a dense living canopy, organic art-nouveau curves in the light itself, verdant #2E7D5B and honey #E3B04B, dappled shade, pollen and dust motes catching sun, hopeful and overgrown, soft focus, dark at the edges where the canopy closes in. warm sand and taupe light receding down a long perspective gradient, muted, unhurried. Where the subject names a colour absent from this style's palette, translate it to the nearest colour that belongs to the style - the style palette always wins. Keep the subject's composition, mood and direction of light exactly. 16:9 aspect ratio, 2560x1440, desktop wallpaper. Dark overall so white UI text stays readable on top. Uncluttered centre — keep detail and interest toward the edges and corners. No text, no letters, no numbers, no watermark, no logo, no signature, no people, no faces, no hands, no recognisable products.
solarpunk/graphite.png	Abstract wallpaper, solarpunk: deep forest green base with warm gold sunlight filtering through a dense living canopy, organic art-nouveau curves in the light itself, verdant #2E7D5B and honey #E3B04B, dappled shade, pollen and dust motes catching sun, hopeful and overgrown, soft focus, dark at the edges where the canopy closes in. restrained graphite and silver light, neutral, minimal, quietly technical. Where the subject names a colour absent from this style's palette, translate it to the nearest colour that belongs to the style - the style palette always wins. Keep the subject's composition, mood and direction of light exactly. 16:9 aspect ratio, 2560x1440, desktop wallpaper. Dark overall so white UI text stays readable on top. Uncluttered centre — keep detail and interest toward the edges and corners. No text, no letters, no numbers, no watermark, no logo, no signature, no people, no faces, no hands, no recognisable products.
art-deco/ember.png	Abstract wallpaper, 1920s art deco: black lacquer and deep emerald #0B3D2E ground with brushed brass and champagne gold #C9A227 line work, symmetrical sunburst fans and stepped chevrons, precise geometry, polished inlay, restrained metallic sheen, elegant and architectural, no clutter, generous dark field. deep crimson and scarlet light sweeping across shadow, embers still glowing at the edges, tense and alive. Where the subject names a colour absent from this style's palette, translate it to the nearest colour that belongs to the style - the style palette always wins. Keep the subject's composition, mood and direction of light exactly. 16:9 aspect ratio, 2560x1440, desktop wallpaper. Dark overall so white UI text stays readable on top. Uncluttered centre — keep detail and interest toward the edges and corners. No text, no letters, no numbers, no watermark, no logo, no signature, no people, no faces, no hands, no recognisable products.
art-deco/rose.png	Abstract wallpaper, 1920s art deco: black lacquer and deep emerald #0B3D2E ground with brushed brass and champagne gold #C9A227 line work, symmetrical sunburst fans and stepped chevrons, precise geometry, polished inlay, restrained metallic sheen, elegant and architectural, no clutter, generous dark field. hot pink and magenta blooming outward in dark space, soft overlapping petals of light, electric and romantic. Where the subject names a colour absent from this style's palette, translate it to the nearest colour that belongs to the style - the style palette always wins. Keep the subject's composition, mood and direction of light exactly. 16:9 aspect ratio, 2560x1440, desktop wallpaper. Dark overall so white UI text stays readable on top. Uncluttered centre — keep detail and interest toward the edges and corners. No text, no letters, no numbers, no watermark, no logo, no signature, no people, no faces, no hands, no recognisable products.
art-deco/amber.png	Abstract wallpaper, 1920s art deco: black lacquer and deep emerald #0B3D2E ground with brushed brass and champagne gold #C9A227 line work, symmetrical sunburst fans and stepped chevrons, precise geometry, polished inlay, restrained metallic sheen, elegant and architectural, no clutter, generous dark field. warm amber and burnt orange light folding over itself, like late sun spilling through an open doorway. Where the subject names a colour absent from this style's palette, translate it to the nearest colour that belongs to the style - the style palette always wins. Keep the subject's composition, mood and direction of light exactly. 16:9 aspect ratio, 2560x1440, desktop wallpaper. Dark overall so white UI text stays readable on top. Uncluttered centre — keep detail and interest toward the edges and corners. No text, no letters, no numbers, no watermark, no logo, no signature, no people, no faces, no hands, no recognisable products.
art-deco/citrine.png	Abstract wallpaper, 1920s art deco: black lacquer and deep emerald #0B3D2E ground with brushed brass and champagne gold #C9A227 line work, symmetrical sunburst fans and stepped chevrons, precise geometry, polished inlay, restrained metallic sheen, elegant and architectural, no clutter, generous dark field. golden yellow light crackling against deep dark, high-voltage brightness, sharp and charged. Where the subject names a colour absent from this style's palette, translate it to the nearest colour that belongs to the style - the style palette always wins. Keep the subject's composition, mood and direction of light exactly. 16:9 aspect ratio, 2560x1440, desktop wallpaper. Dark overall so white UI text stays readable on top. Uncluttered centre — keep detail and interest toward the edges and corners. No text, no letters, no numbers, no watermark, no logo, no signature, no people, no faces, no hands, no recognisable products.
art-deco/lime.png	Abstract wallpaper, 1920s art deco: black lacquer and deep emerald #0B3D2E ground with brushed brass and champagne gold #C9A227 line work, symmetrical sunburst fans and stepped chevrons, precise geometry, polished inlay, restrained metallic sheen, elegant and architectural, no clutter, generous dark field. chartreuse and yellow-green currents streaming like energy in motion, kinetic, dark background. Where the subject names a colour absent from this style's palette, translate it to the nearest colour that belongs to the style - the style palette always wins. Keep the subject's composition, mood and direction of light exactly. 16:9 aspect ratio, 2560x1440, desktop wallpaper. Dark overall so white UI text stays readable on top. Uncluttered centre — keep detail and interest toward the edges and corners. No text, no letters, no numbers, no watermark, no logo, no signature, no people, no faces, no hands, no recognisable products.
art-deco/verdant.png	Abstract wallpaper, 1920s art deco: black lacquer and deep emerald #0B3D2E ground with brushed brass and champagne gold #C9A227 line work, symmetrical sunburst fans and stepped chevrons, precise geometry, polished inlay, restrained metallic sheen, elegant and architectural, no clutter, generous dark field. vivid saturated green light through dense foliage, dew catching the light, soft focus, dark edges. Where the subject names a colour absent from this style's palette, translate it to the nearest colour that belongs to the style - the style palette always wins. Keep the subject's composition, mood and direction of light exactly. 16:9 aspect ratio, 2560x1440, desktop wallpaper. Dark overall so white UI text stays readable on top. Uncluttered centre — keep detail and interest toward the edges and corners. No text, no letters, no numbers, no watermark, no logo, no signature, no people, no faces, no hands, no recognisable products.
art-deco/jade.png	Abstract wallpaper, 1920s art deco: black lacquer and deep emerald #0B3D2E ground with brushed brass and champagne gold #C9A227 line work, symmetrical sunburst fans and stepped chevrons, precise geometry, polished inlay, restrained metallic sheen, elegant and architectural, no clutter, generous dark field. soft jade and mint mist drifting slowly, cool and restorative, minimal, very quiet. Where the subject names a colour absent from this style's palette, translate it to the nearest colour that belongs to the style - the style palette always wins. Keep the subject's composition, mood and direction of light exactly. 16:9 aspect ratio, 2560x1440, desktop wallpaper. Dark overall so white UI text stays readable on top. Uncluttered centre — keep detail and interest toward the edges and corners. No text, no letters, no numbers, no watermark, no logo, no signature, no people, no faces, no hands, no recognisable products.
art-deco/lagoon.png	Abstract wallpaper, 1920s art deco: black lacquer and deep emerald #0B3D2E ground with brushed brass and champagne gold #C9A227 line work, symmetrical sunburst fans and stepped chevrons, precise geometry, polished inlay, restrained metallic sheen, elegant and architectural, no clutter, generous dark field. aqua and cyan caustics rippling as if seen through shallow water, soft focus, clean and weightless. Where the subject names a colour absent from this style's palette, translate it to the nearest colour that belongs to the style - the style palette always wins. Keep the subject's composition, mood and direction of light exactly. 16:9 aspect ratio, 2560x1440, desktop wallpaper. Dark overall so white UI text stays readable on top. Uncluttered centre — keep detail and interest toward the edges and corners. No text, no letters, no numbers, no watermark, no logo, no signature, no people, no faces, no hands, no recognisable products.
art-deco/azure.png	Abstract wallpaper, 1920s art deco: black lacquer and deep emerald #0B3D2E ground with brushed brass and champagne gold #C9A227 line work, symmetrical sunburst fans and stepped chevrons, precise geometry, polished inlay, restrained metallic sheen, elegant and architectural, no clutter, generous dark field. electric azure streams flowing through dark space, luminous nodes and connecting lines, precise. Where the subject names a colour absent from this style's palette, translate it to the nearest colour that belongs to the style - the style palette always wins. Keep the subject's composition, mood and direction of light exactly. 16:9 aspect ratio, 2560x1440, desktop wallpaper. Dark overall so white UI text stays readable on top. Uncluttered centre — keep detail and interest toward the edges and corners. No text, no letters, no numbers, no watermark, no logo, no signature, no people, no faces, no hands, no recognisable products.
art-deco/cobalt.png	Abstract wallpaper, 1920s art deco: black lacquer and deep emerald #0B3D2E ground with brushed brass and champagne gold #C9A227 line work, symmetrical sunburst fans and stepped chevrons, precise geometry, polished inlay, restrained metallic sheen, elegant and architectural, no clutter, generous dark field. deep cobalt light falling in long focused shafts through vertical structure, crisp and awake. Where the subject names a colour absent from this style's palette, translate it to the nearest colour that belongs to the style - the style palette always wins. Keep the subject's composition, mood and direction of light exactly. 16:9 aspect ratio, 2560x1440, desktop wallpaper. Dark overall so white UI text stays readable on top. Uncluttered centre — keep detail and interest toward the edges and corners. No text, no letters, no numbers, no watermark, no logo, no signature, no people, no faces, no hands, no recognisable products.
art-deco/indigo.png	Abstract wallpaper, 1920s art deco: black lacquer and deep emerald #0B3D2E ground with brushed brass and champagne gold #C9A227 line work, symmetrical sunburst fans and stepped chevrons, precise geometry, polished inlay, restrained metallic sheen, elegant and architectural, no clutter, generous dark field. a deep indigo and periwinkle nebula haze, very still and quiet, midnight calm. Where the subject names a colour absent from this style's palette, translate it to the nearest colour that belongs to the style - the style palette always wins. Keep the subject's composition, mood and direction of light exactly. 16:9 aspect ratio, 2560x1440, desktop wallpaper. Dark overall so white UI text stays readable on top. Uncluttered centre — keep detail and interest toward the edges and corners. No text, no letters, no numbers, no watermark, no logo, no signature, no people, no faces, no hands, no recognisable products.
art-deco/violet.png	Abstract wallpaper, 1920s art deco: black lacquer and deep emerald #0B3D2E ground with brushed brass and champagne gold #C9A227 line work, symmetrical sunburst fans and stepped chevrons, precise geometry, polished inlay, restrained metallic sheen, elegant and architectural, no clutter, generous dark field. electric violet and magenta filaments branching through dark space, synthetic and luminous. Where the subject names a colour absent from this style's palette, translate it to the nearest colour that belongs to the style - the style palette always wins. Keep the subject's composition, mood and direction of light exactly. 16:9 aspect ratio, 2560x1440, desktop wallpaper. Dark overall so white UI text stays readable on top. Uncluttered centre — keep detail and interest toward the edges and corners. No text, no letters, no numbers, no watermark, no logo, no signature, no people, no faces, no hands, no recognisable products.
art-deco/sand.png	Abstract wallpaper, 1920s art deco: black lacquer and deep emerald #0B3D2E ground with brushed brass and champagne gold #C9A227 line work, symmetrical sunburst fans and stepped chevrons, precise geometry, polished inlay, restrained metallic sheen, elegant and architectural, no clutter, generous dark field. warm sand and taupe light receding down a long perspective gradient, muted, unhurried. Where the subject names a colour absent from this style's palette, translate it to the nearest colour that belongs to the style - the style palette always wins. Keep the subject's composition, mood and direction of light exactly. 16:9 aspect ratio, 2560x1440, desktop wallpaper. Dark overall so white UI text stays readable on top. Uncluttered centre — keep detail and interest toward the edges and corners. No text, no letters, no numbers, no watermark, no logo, no signature, no people, no faces, no hands, no recognisable products.
art-deco/graphite.png	Abstract wallpaper, 1920s art deco: black lacquer and deep emerald #0B3D2E ground with brushed brass and champagne gold #C9A227 line work, symmetrical sunburst fans and stepped chevrons, precise geometry, polished inlay, restrained metallic sheen, elegant and architectural, no clutter, generous dark field. restrained graphite and silver light, neutral, minimal, quietly technical. Where the subject names a colour absent from this style's palette, translate it to the nearest colour that belongs to the style - the style palette always wins. Keep the subject's composition, mood and direction of light exactly. 16:9 aspect ratio, 2560x1440, desktop wallpaper. Dark overall so white UI text stays readable on top. Uncluttered centre — keep detail and interest toward the edges and corners. No text, no letters, no numbers, no watermark, no logo, no signature, no people, no faces, no hands, no recognisable products.
dark-academia/ember.png	Abstract wallpaper, dark academia: oxblood #5C1A1B, walnut brown and aged parchment cream, single warm candle-lit source falling across deep shadow, chiaroscuro, dust suspended in the light, faint texture of old paper and leather binding, scholarly and melancholic, painterly, heavily vignetted. deep crimson and scarlet light sweeping across shadow, embers still glowing at the edges, tense and alive. Where the subject names a colour absent from this style's palette, translate it to the nearest colour that belongs to the style - the style palette always wins. Keep the subject's composition, mood and direction of light exactly. 16:9 aspect ratio, 2560x1440, desktop wallpaper. Dark overall so white UI text stays readable on top. Uncluttered centre — keep detail and interest toward the edges and corners. No text, no letters, no numbers, no watermark, no logo, no signature, no people, no faces, no hands, no recognisable products.
dark-academia/rose.png	Abstract wallpaper, dark academia: oxblood #5C1A1B, walnut brown and aged parchment cream, single warm candle-lit source falling across deep shadow, chiaroscuro, dust suspended in the light, faint texture of old paper and leather binding, scholarly and melancholic, painterly, heavily vignetted. hot pink and magenta blooming outward in dark space, soft overlapping petals of light, electric and romantic. Where the subject names a colour absent from this style's palette, translate it to the nearest colour that belongs to the style - the style palette always wins. Keep the subject's composition, mood and direction of light exactly. 16:9 aspect ratio, 2560x1440, desktop wallpaper. Dark overall so white UI text stays readable on top. Uncluttered centre — keep detail and interest toward the edges and corners. No text, no letters, no numbers, no watermark, no logo, no signature, no people, no faces, no hands, no recognisable products.
dark-academia/amber.png	Abstract wallpaper, dark academia: oxblood #5C1A1B, walnut brown and aged parchment cream, single warm candle-lit source falling across deep shadow, chiaroscuro, dust suspended in the light, faint texture of old paper and leather binding, scholarly and melancholic, painterly, heavily vignetted. warm amber and burnt orange light folding over itself, like late sun spilling through an open doorway. Where the subject names a colour absent from this style's palette, translate it to the nearest colour that belongs to the style - the style palette always wins. Keep the subject's composition, mood and direction of light exactly. 16:9 aspect ratio, 2560x1440, desktop wallpaper. Dark overall so white UI text stays readable on top. Uncluttered centre — keep detail and interest toward the edges and corners. No text, no letters, no numbers, no watermark, no logo, no signature, no people, no faces, no hands, no recognisable products.
dark-academia/citrine.png	Abstract wallpaper, dark academia: oxblood #5C1A1B, walnut brown and aged parchment cream, single warm candle-lit source falling across deep shadow, chiaroscuro, dust suspended in the light, faint texture of old paper and leather binding, scholarly and melancholic, painterly, heavily vignetted. golden yellow light crackling against deep dark, high-voltage brightness, sharp and charged. Where the subject names a colour absent from this style's palette, translate it to the nearest colour that belongs to the style - the style palette always wins. Keep the subject's composition, mood and direction of light exactly. 16:9 aspect ratio, 2560x1440, desktop wallpaper. Dark overall so white UI text stays readable on top. Uncluttered centre — keep detail and interest toward the edges and corners. No text, no letters, no numbers, no watermark, no logo, no signature, no people, no faces, no hands, no recognisable products.
dark-academia/lime.png	Abstract wallpaper, dark academia: oxblood #5C1A1B, walnut brown and aged parchment cream, single warm candle-lit source falling across deep shadow, chiaroscuro, dust suspended in the light, faint texture of old paper and leather binding, scholarly and melancholic, painterly, heavily vignetted. chartreuse and yellow-green currents streaming like energy in motion, kinetic, dark background. Where the subject names a colour absent from this style's palette, translate it to the nearest colour that belongs to the style - the style palette always wins. Keep the subject's composition, mood and direction of light exactly. 16:9 aspect ratio, 2560x1440, desktop wallpaper. Dark overall so white UI text stays readable on top. Uncluttered centre — keep detail and interest toward the edges and corners. No text, no letters, no numbers, no watermark, no logo, no signature, no people, no faces, no hands, no recognisable products.
dark-academia/verdant.png	Abstract wallpaper, dark academia: oxblood #5C1A1B, walnut brown and aged parchment cream, single warm candle-lit source falling across deep shadow, chiaroscuro, dust suspended in the light, faint texture of old paper and leather binding, scholarly and melancholic, painterly, heavily vignetted. vivid saturated green light through dense foliage, dew catching the light, soft focus, dark edges. Where the subject names a colour absent from this style's palette, translate it to the nearest colour that belongs to the style - the style palette always wins. Keep the subject's composition, mood and direction of light exactly. 16:9 aspect ratio, 2560x1440, desktop wallpaper. Dark overall so white UI text stays readable on top. Uncluttered centre — keep detail and interest toward the edges and corners. No text, no letters, no numbers, no watermark, no logo, no signature, no people, no faces, no hands, no recognisable products.
dark-academia/jade.png	Abstract wallpaper, dark academia: oxblood #5C1A1B, walnut brown and aged parchment cream, single warm candle-lit source falling across deep shadow, chiaroscuro, dust suspended in the light, faint texture of old paper and leather binding, scholarly and melancholic, painterly, heavily vignetted. soft jade and mint mist drifting slowly, cool and restorative, minimal, very quiet. Where the subject names a colour absent from this style's palette, translate it to the nearest colour that belongs to the style - the style palette always wins. Keep the subject's composition, mood and direction of light exactly. 16:9 aspect ratio, 2560x1440, desktop wallpaper. Dark overall so white UI text stays readable on top. Uncluttered centre — keep detail and interest toward the edges and corners. No text, no letters, no numbers, no watermark, no logo, no signature, no people, no faces, no hands, no recognisable products.
dark-academia/lagoon.png	Abstract wallpaper, dark academia: oxblood #5C1A1B, walnut brown and aged parchment cream, single warm candle-lit source falling across deep shadow, chiaroscuro, dust suspended in the light, faint texture of old paper and leather binding, scholarly and melancholic, painterly, heavily vignetted. aqua and cyan caustics rippling as if seen through shallow water, soft focus, clean and weightless. Where the subject names a colour absent from this style's palette, translate it to the nearest colour that belongs to the style - the style palette always wins. Keep the subject's composition, mood and direction of light exactly. 16:9 aspect ratio, 2560x1440, desktop wallpaper. Dark overall so white UI text stays readable on top. Uncluttered centre — keep detail and interest toward the edges and corners. No text, no letters, no numbers, no watermark, no logo, no signature, no people, no faces, no hands, no recognisable products.
dark-academia/azure.png	Abstract wallpaper, dark academia: oxblood #5C1A1B, walnut brown and aged parchment cream, single warm candle-lit source falling across deep shadow, chiaroscuro, dust suspended in the light, faint texture of old paper and leather binding, scholarly and melancholic, painterly, heavily vignetted. electric azure streams flowing through dark space, luminous nodes and connecting lines, precise. Where the subject names a colour absent from this style's palette, translate it to the nearest colour that belongs to the style - the style palette always wins. Keep the subject's composition, mood and direction of light exactly. 16:9 aspect ratio, 2560x1440, desktop wallpaper. Dark overall so white UI text stays readable on top. Uncluttered centre — keep detail and interest toward the edges and corners. No text, no letters, no numbers, no watermark, no logo, no signature, no people, no faces, no hands, no recognisable products.
dark-academia/cobalt.png	Abstract wallpaper, dark academia: oxblood #5C1A1B, walnut brown and aged parchment cream, single warm candle-lit source falling across deep shadow, chiaroscuro, dust suspended in the light, faint texture of old paper and leather binding, scholarly and melancholic, painterly, heavily vignetted. deep cobalt light falling in long focused shafts through vertical structure, crisp and awake. Where the subject names a colour absent from this style's palette, translate it to the nearest colour that belongs to the style - the style palette always wins. Keep the subject's composition, mood and direction of light exactly. 16:9 aspect ratio, 2560x1440, desktop wallpaper. Dark overall so white UI text stays readable on top. Uncluttered centre — keep detail and interest toward the edges and corners. No text, no letters, no numbers, no watermark, no logo, no signature, no people, no faces, no hands, no recognisable products.
dark-academia/indigo.png	Abstract wallpaper, dark academia: oxblood #5C1A1B, walnut brown and aged parchment cream, single warm candle-lit source falling across deep shadow, chiaroscuro, dust suspended in the light, faint texture of old paper and leather binding, scholarly and melancholic, painterly, heavily vignetted. a deep indigo and periwinkle nebula haze, very still and quiet, midnight calm. Where the subject names a colour absent from this style's palette, translate it to the nearest colour that belongs to the style - the style palette always wins. Keep the subject's composition, mood and direction of light exactly. 16:9 aspect ratio, 2560x1440, desktop wallpaper. Dark overall so white UI text stays readable on top. Uncluttered centre — keep detail and interest toward the edges and corners. No text, no letters, no numbers, no watermark, no logo, no signature, no people, no faces, no hands, no recognisable products.
dark-academia/violet.png	Abstract wallpaper, dark academia: oxblood #5C1A1B, walnut brown and aged parchment cream, single warm candle-lit source falling across deep shadow, chiaroscuro, dust suspended in the light, faint texture of old paper and leather binding, scholarly and melancholic, painterly, heavily vignetted. electric violet and magenta filaments branching through dark space, synthetic and luminous. Where the subject names a colour absent from this style's palette, translate it to the nearest colour that belongs to the style - the style palette always wins. Keep the subject's composition, mood and direction of light exactly. 16:9 aspect ratio, 2560x1440, desktop wallpaper. Dark overall so white UI text stays readable on top. Uncluttered centre — keep detail and interest toward the edges and corners. No text, no letters, no numbers, no watermark, no logo, no signature, no people, no faces, no hands, no recognisable products.
dark-academia/sand.png	Abstract wallpaper, dark academia: oxblood #5C1A1B, walnut brown and aged parchment cream, single warm candle-lit source falling across deep shadow, chiaroscuro, dust suspended in the light, faint texture of old paper and leather binding, scholarly and melancholic, painterly, heavily vignetted. warm sand and taupe light receding down a long perspective gradient, muted, unhurried. Where the subject names a colour absent from this style's palette, translate it to the nearest colour that belongs to the style - the style palette always wins. Keep the subject's composition, mood and direction of light exactly. 16:9 aspect ratio, 2560x1440, desktop wallpaper. Dark overall so white UI text stays readable on top. Uncluttered centre — keep detail and interest toward the edges and corners. No text, no letters, no numbers, no watermark, no logo, no signature, no people, no faces, no hands, no recognisable products.
dark-academia/graphite.png	Abstract wallpaper, dark academia: oxblood #5C1A1B, walnut brown and aged parchment cream, single warm candle-lit source falling across deep shadow, chiaroscuro, dust suspended in the light, faint texture of old paper and leather binding, scholarly and melancholic, painterly, heavily vignetted. restrained graphite and silver light, neutral, minimal, quietly technical. Where the subject names a colour absent from this style's palette, translate it to the nearest colour that belongs to the style - the style palette always wins. Keep the subject's composition, mood and direction of light exactly. 16:9 aspect ratio, 2560x1440, desktop wallpaper. Dark overall so white UI text stays readable on top. Uncluttered centre — keep detail and interest toward the edges and corners. No text, no letters, no numbers, no watermark, no logo, no signature, no people, no faces, no hands, no recognisable products.
cottagecore/ember.png	Abstract wallpaper, cottagecore at dusk: muted sage #7C8B6F, warm cream and dried-rose #C48B8B, soft hearth lamplight glowing from one side, hazy pastoral evening light, gentle linen and dried-flower texture, hand-made and unhurried, low contrast, matte, dark corners so the warmth reads as a single pool of light. deep crimson and scarlet light sweeping across shadow, embers still glowing at the edges, tense and alive. Where the subject names a colour absent from this style's palette, translate it to the nearest colour that belongs to the style - the style palette always wins. Keep the subject's composition, mood and direction of light exactly. 16:9 aspect ratio, 2560x1440, desktop wallpaper. Dark overall so white UI text stays readable on top. Uncluttered centre — keep detail and interest toward the edges and corners. No text, no letters, no numbers, no watermark, no logo, no signature, no people, no faces, no hands, no recognisable products.
cottagecore/rose.png	Abstract wallpaper, cottagecore at dusk: muted sage #7C8B6F, warm cream and dried-rose #C48B8B, soft hearth lamplight glowing from one side, hazy pastoral evening light, gentle linen and dried-flower texture, hand-made and unhurried, low contrast, matte, dark corners so the warmth reads as a single pool of light. hot pink and magenta blooming outward in dark space, soft overlapping petals of light, electric and romantic. Where the subject names a colour absent from this style's palette, translate it to the nearest colour that belongs to the style - the style palette always wins. Keep the subject's composition, mood and direction of light exactly. 16:9 aspect ratio, 2560x1440, desktop wallpaper. Dark overall so white UI text stays readable on top. Uncluttered centre — keep detail and interest toward the edges and corners. No text, no letters, no numbers, no watermark, no logo, no signature, no people, no faces, no hands, no recognisable products.
cottagecore/amber.png	Abstract wallpaper, cottagecore at dusk: muted sage #7C8B6F, warm cream and dried-rose #C48B8B, soft hearth lamplight glowing from one side, hazy pastoral evening light, gentle linen and dried-flower texture, hand-made and unhurried, low contrast, matte, dark corners so the warmth reads as a single pool of light. warm amber and burnt orange light folding over itself, like late sun spilling through an open doorway. Where the subject names a colour absent from this style's palette, translate it to the nearest colour that belongs to the style - the style palette always wins. Keep the subject's composition, mood and direction of light exactly. 16:9 aspect ratio, 2560x1440, desktop wallpaper. Dark overall so white UI text stays readable on top. Uncluttered centre — keep detail and interest toward the edges and corners. No text, no letters, no numbers, no watermark, no logo, no signature, no people, no faces, no hands, no recognisable products.
cottagecore/citrine.png	Abstract wallpaper, cottagecore at dusk: muted sage #7C8B6F, warm cream and dried-rose #C48B8B, soft hearth lamplight glowing from one side, hazy pastoral evening light, gentle linen and dried-flower texture, hand-made and unhurried, low contrast, matte, dark corners so the warmth reads as a single pool of light. golden yellow light crackling against deep dark, high-voltage brightness, sharp and charged. Where the subject names a colour absent from this style's palette, translate it to the nearest colour that belongs to the style - the style palette always wins. Keep the subject's composition, mood and direction of light exactly. 16:9 aspect ratio, 2560x1440, desktop wallpaper. Dark overall so white UI text stays readable on top. Uncluttered centre — keep detail and interest toward the edges and corners. No text, no letters, no numbers, no watermark, no logo, no signature, no people, no faces, no hands, no recognisable products.
cottagecore/lime.png	Abstract wallpaper, cottagecore at dusk: muted sage #7C8B6F, warm cream and dried-rose #C48B8B, soft hearth lamplight glowing from one side, hazy pastoral evening light, gentle linen and dried-flower texture, hand-made and unhurried, low contrast, matte, dark corners so the warmth reads as a single pool of light. chartreuse and yellow-green currents streaming like energy in motion, kinetic, dark background. Where the subject names a colour absent from this style's palette, translate it to the nearest colour that belongs to the style - the style palette always wins. Keep the subject's composition, mood and direction of light exactly. 16:9 aspect ratio, 2560x1440, desktop wallpaper. Dark overall so white UI text stays readable on top. Uncluttered centre — keep detail and interest toward the edges and corners. No text, no letters, no numbers, no watermark, no logo, no signature, no people, no faces, no hands, no recognisable products.
cottagecore/verdant.png	Abstract wallpaper, cottagecore at dusk: muted sage #7C8B6F, warm cream and dried-rose #C48B8B, soft hearth lamplight glowing from one side, hazy pastoral evening light, gentle linen and dried-flower texture, hand-made and unhurried, low contrast, matte, dark corners so the warmth reads as a single pool of light. vivid saturated green light through dense foliage, dew catching the light, soft focus, dark edges. Where the subject names a colour absent from this style's palette, translate it to the nearest colour that belongs to the style - the style palette always wins. Keep the subject's composition, mood and direction of light exactly. 16:9 aspect ratio, 2560x1440, desktop wallpaper. Dark overall so white UI text stays readable on top. Uncluttered centre — keep detail and interest toward the edges and corners. No text, no letters, no numbers, no watermark, no logo, no signature, no people, no faces, no hands, no recognisable products.
cottagecore/jade.png	Abstract wallpaper, cottagecore at dusk: muted sage #7C8B6F, warm cream and dried-rose #C48B8B, soft hearth lamplight glowing from one side, hazy pastoral evening light, gentle linen and dried-flower texture, hand-made and unhurried, low contrast, matte, dark corners so the warmth reads as a single pool of light. soft jade and mint mist drifting slowly, cool and restorative, minimal, very quiet. Where the subject names a colour absent from this style's palette, translate it to the nearest colour that belongs to the style - the style palette always wins. Keep the subject's composition, mood and direction of light exactly. 16:9 aspect ratio, 2560x1440, desktop wallpaper. Dark overall so white UI text stays readable on top. Uncluttered centre — keep detail and interest toward the edges and corners. No text, no letters, no numbers, no watermark, no logo, no signature, no people, no faces, no hands, no recognisable products.
cottagecore/lagoon.png	Abstract wallpaper, cottagecore at dusk: muted sage #7C8B6F, warm cream and dried-rose #C48B8B, soft hearth lamplight glowing from one side, hazy pastoral evening light, gentle linen and dried-flower texture, hand-made and unhurried, low contrast, matte, dark corners so the warmth reads as a single pool of light. aqua and cyan caustics rippling as if seen through shallow water, soft focus, clean and weightless. Where the subject names a colour absent from this style's palette, translate it to the nearest colour that belongs to the style - the style palette always wins. Keep the subject's composition, mood and direction of light exactly. 16:9 aspect ratio, 2560x1440, desktop wallpaper. Dark overall so white UI text stays readable on top. Uncluttered centre — keep detail and interest toward the edges and corners. No text, no letters, no numbers, no watermark, no logo, no signature, no people, no faces, no hands, no recognisable products.
cottagecore/azure.png	Abstract wallpaper, cottagecore at dusk: muted sage #7C8B6F, warm cream and dried-rose #C48B8B, soft hearth lamplight glowing from one side, hazy pastoral evening light, gentle linen and dried-flower texture, hand-made and unhurried, low contrast, matte, dark corners so the warmth reads as a single pool of light. electric azure streams flowing through dark space, luminous nodes and connecting lines, precise. Where the subject names a colour absent from this style's palette, translate it to the nearest colour that belongs to the style - the style palette always wins. Keep the subject's composition, mood and direction of light exactly. 16:9 aspect ratio, 2560x1440, desktop wallpaper. Dark overall so white UI text stays readable on top. Uncluttered centre — keep detail and interest toward the edges and corners. No text, no letters, no numbers, no watermark, no logo, no signature, no people, no faces, no hands, no recognisable products.
cottagecore/cobalt.png	Abstract wallpaper, cottagecore at dusk: muted sage #7C8B6F, warm cream and dried-rose #C48B8B, soft hearth lamplight glowing from one side, hazy pastoral evening light, gentle linen and dried-flower texture, hand-made and unhurried, low contrast, matte, dark corners so the warmth reads as a single pool of light. deep cobalt light falling in long focused shafts through vertical structure, crisp and awake. Where the subject names a colour absent from this style's palette, translate it to the nearest colour that belongs to the style - the style palette always wins. Keep the subject's composition, mood and direction of light exactly. 16:9 aspect ratio, 2560x1440, desktop wallpaper. Dark overall so white UI text stays readable on top. Uncluttered centre — keep detail and interest toward the edges and corners. No text, no letters, no numbers, no watermark, no logo, no signature, no people, no faces, no hands, no recognisable products.
cottagecore/indigo.png	Abstract wallpaper, cottagecore at dusk: muted sage #7C8B6F, warm cream and dried-rose #C48B8B, soft hearth lamplight glowing from one side, hazy pastoral evening light, gentle linen and dried-flower texture, hand-made and unhurried, low contrast, matte, dark corners so the warmth reads as a single pool of light. a deep indigo and periwinkle nebula haze, very still and quiet, midnight calm. Where the subject names a colour absent from this style's palette, translate it to the nearest colour that belongs to the style - the style palette always wins. Keep the subject's composition, mood and direction of light exactly. 16:9 aspect ratio, 2560x1440, desktop wallpaper. Dark overall so white UI text stays readable on top. Uncluttered centre — keep detail and interest toward the edges and corners. No text, no letters, no numbers, no watermark, no logo, no signature, no people, no faces, no hands, no recognisable products.
cottagecore/violet.png	Abstract wallpaper, cottagecore at dusk: muted sage #7C8B6F, warm cream and dried-rose #C48B8B, soft hearth lamplight glowing from one side, hazy pastoral evening light, gentle linen and dried-flower texture, hand-made and unhurried, low contrast, matte, dark corners so the warmth reads as a single pool of light. electric violet and magenta filaments branching through dark space, synthetic and luminous. Where the subject names a colour absent from this style's palette, translate it to the nearest colour that belongs to the style - the style palette always wins. Keep the subject's composition, mood and direction of light exactly. 16:9 aspect ratio, 2560x1440, desktop wallpaper. Dark overall so white UI text stays readable on top. Uncluttered centre — keep detail and interest toward the edges and corners. No text, no letters, no numbers, no watermark, no logo, no signature, no people, no faces, no hands, no recognisable products.
cottagecore/sand.png	Abstract wallpaper, cottagecore at dusk: muted sage #7C8B6F, warm cream and dried-rose #C48B8B, soft hearth lamplight glowing from one side, hazy pastoral evening light, gentle linen and dried-flower texture, hand-made and unhurried, low contrast, matte, dark corners so the warmth reads as a single pool of light. warm sand and taupe light receding down a long perspective gradient, muted, unhurried. Where the subject names a colour absent from this style's palette, translate it to the nearest colour that belongs to the style - the style palette always wins. Keep the subject's composition, mood and direction of light exactly. 16:9 aspect ratio, 2560x1440, desktop wallpaper. Dark overall so white UI text stays readable on top. Uncluttered centre — keep detail and interest toward the edges and corners. No text, no letters, no numbers, no watermark, no logo, no signature, no people, no faces, no hands, no recognisable products.
cottagecore/graphite.png	Abstract wallpaper, cottagecore at dusk: muted sage #7C8B6F, warm cream and dried-rose #C48B8B, soft hearth lamplight glowing from one side, hazy pastoral evening light, gentle linen and dried-flower texture, hand-made and unhurried, low contrast, matte, dark corners so the warmth reads as a single pool of light. restrained graphite and silver light, neutral, minimal, quietly technical. Where the subject names a colour absent from this style's palette, translate it to the nearest colour that belongs to the style - the style palette always wins. Keep the subject's composition, mood and direction of light exactly. 16:9 aspect ratio, 2560x1440, desktop wallpaper. Dark overall so white UI text stays readable on top. Uncluttered centre — keep detail and interest toward the edges and corners. No text, no letters, no numbers, no watermark, no logo, no signature, no people, no faces, no hands, no recognisable products.
synthwave/ember.png	Abstract wallpaper, 1984 retro synthwave: deep indigo-to-magenta sky gradient #2B0B4E to #FF2E88, a low chrome horizon with a receding perspective grid in cyan #00E5FF, a banded scanlined sun sitting near the edge, VHS tracking artefacts and chromatic fringing, airbrushed poster finish, nostalgic and geometric, dark upper field. deep crimson and scarlet light sweeping across shadow, embers still glowing at the edges, tense and alive. Where the subject names a colour absent from this style's palette, translate it to the nearest colour that belongs to the style - the style palette always wins. Keep the subject's composition, mood and direction of light exactly. 16:9 aspect ratio, 2560x1440, desktop wallpaper. Dark overall so white UI text stays readable on top. Uncluttered centre — keep detail and interest toward the edges and corners. No text, no letters, no numbers, no watermark, no logo, no signature, no people, no faces, no hands, no recognisable products.
synthwave/rose.png	Abstract wallpaper, 1984 retro synthwave: deep indigo-to-magenta sky gradient #2B0B4E to #FF2E88, a low chrome horizon with a receding perspective grid in cyan #00E5FF, a banded scanlined sun sitting near the edge, VHS tracking artefacts and chromatic fringing, airbrushed poster finish, nostalgic and geometric, dark upper field. hot pink and magenta blooming outward in dark space, soft overlapping petals of light, electric and romantic. Where the subject names a colour absent from this style's palette, translate it to the nearest colour that belongs to the style - the style palette always wins. Keep the subject's composition, mood and direction of light exactly. 16:9 aspect ratio, 2560x1440, desktop wallpaper. Dark overall so white UI text stays readable on top. Uncluttered centre — keep detail and interest toward the edges and corners. No text, no letters, no numbers, no watermark, no logo, no signature, no people, no faces, no hands, no recognisable products.
synthwave/amber.png	Abstract wallpaper, 1984 retro synthwave: deep indigo-to-magenta sky gradient #2B0B4E to #FF2E88, a low chrome horizon with a receding perspective grid in cyan #00E5FF, a banded scanlined sun sitting near the edge, VHS tracking artefacts and chromatic fringing, airbrushed poster finish, nostalgic and geometric, dark upper field. warm amber and burnt orange light folding over itself, like late sun spilling through an open doorway. Where the subject names a colour absent from this style's palette, translate it to the nearest colour that belongs to the style - the style palette always wins. Keep the subject's composition, mood and direction of light exactly. 16:9 aspect ratio, 2560x1440, desktop wallpaper. Dark overall so white UI text stays readable on top. Uncluttered centre — keep detail and interest toward the edges and corners. No text, no letters, no numbers, no watermark, no logo, no signature, no people, no faces, no hands, no recognisable products.
synthwave/citrine.png	Abstract wallpaper, 1984 retro synthwave: deep indigo-to-magenta sky gradient #2B0B4E to #FF2E88, a low chrome horizon with a receding perspective grid in cyan #00E5FF, a banded scanlined sun sitting near the edge, VHS tracking artefacts and chromatic fringing, airbrushed poster finish, nostalgic and geometric, dark upper field. golden yellow light crackling against deep dark, high-voltage brightness, sharp and charged. Where the subject names a colour absent from this style's palette, translate it to the nearest colour that belongs to the style - the style palette always wins. Keep the subject's composition, mood and direction of light exactly. 16:9 aspect ratio, 2560x1440, desktop wallpaper. Dark overall so white UI text stays readable on top. Uncluttered centre — keep detail and interest toward the edges and corners. No text, no letters, no numbers, no watermark, no logo, no signature, no people, no faces, no hands, no recognisable products.
synthwave/lime.png	Abstract wallpaper, 1984 retro synthwave: deep indigo-to-magenta sky gradient #2B0B4E to #FF2E88, a low chrome horizon with a receding perspective grid in cyan #00E5FF, a banded scanlined sun sitting near the edge, VHS tracking artefacts and chromatic fringing, airbrushed poster finish, nostalgic and geometric, dark upper field. chartreuse and yellow-green currents streaming like energy in motion, kinetic, dark background. Where the subject names a colour absent from this style's palette, translate it to the nearest colour that belongs to the style - the style palette always wins. Keep the subject's composition, mood and direction of light exactly. 16:9 aspect ratio, 2560x1440, desktop wallpaper. Dark overall so white UI text stays readable on top. Uncluttered centre — keep detail and interest toward the edges and corners. No text, no letters, no numbers, no watermark, no logo, no signature, no people, no faces, no hands, no recognisable products.
synthwave/verdant.png	Abstract wallpaper, 1984 retro synthwave: deep indigo-to-magenta sky gradient #2B0B4E to #FF2E88, a low chrome horizon with a receding perspective grid in cyan #00E5FF, a banded scanlined sun sitting near the edge, VHS tracking artefacts and chromatic fringing, airbrushed poster finish, nostalgic and geometric, dark upper field. vivid saturated green light through dense foliage, dew catching the light, soft focus, dark edges. Where the subject names a colour absent from this style's palette, translate it to the nearest colour that belongs to the style - the style palette always wins. Keep the subject's composition, mood and direction of light exactly. 16:9 aspect ratio, 2560x1440, desktop wallpaper. Dark overall so white UI text stays readable on top. Uncluttered centre — keep detail and interest toward the edges and corners. No text, no letters, no numbers, no watermark, no logo, no signature, no people, no faces, no hands, no recognisable products.
synthwave/jade.png	Abstract wallpaper, 1984 retro synthwave: deep indigo-to-magenta sky gradient #2B0B4E to #FF2E88, a low chrome horizon with a receding perspective grid in cyan #00E5FF, a banded scanlined sun sitting near the edge, VHS tracking artefacts and chromatic fringing, airbrushed poster finish, nostalgic and geometric, dark upper field. soft jade and mint mist drifting slowly, cool and restorative, minimal, very quiet. Where the subject names a colour absent from this style's palette, translate it to the nearest colour that belongs to the style - the style palette always wins. Keep the subject's composition, mood and direction of light exactly. 16:9 aspect ratio, 2560x1440, desktop wallpaper. Dark overall so white UI text stays readable on top. Uncluttered centre — keep detail and interest toward the edges and corners. No text, no letters, no numbers, no watermark, no logo, no signature, no people, no faces, no hands, no recognisable products.
synthwave/lagoon.png	Abstract wallpaper, 1984 retro synthwave: deep indigo-to-magenta sky gradient #2B0B4E to #FF2E88, a low chrome horizon with a receding perspective grid in cyan #00E5FF, a banded scanlined sun sitting near the edge, VHS tracking artefacts and chromatic fringing, airbrushed poster finish, nostalgic and geometric, dark upper field. aqua and cyan caustics rippling as if seen through shallow water, soft focus, clean and weightless. Where the subject names a colour absent from this style's palette, translate it to the nearest colour that belongs to the style - the style palette always wins. Keep the subject's composition, mood and direction of light exactly. 16:9 aspect ratio, 2560x1440, desktop wallpaper. Dark overall so white UI text stays readable on top. Uncluttered centre — keep detail and interest toward the edges and corners. No text, no letters, no numbers, no watermark, no logo, no signature, no people, no faces, no hands, no recognisable products.
synthwave/azure.png	Abstract wallpaper, 1984 retro synthwave: deep indigo-to-magenta sky gradient #2B0B4E to #FF2E88, a low chrome horizon with a receding perspective grid in cyan #00E5FF, a banded scanlined sun sitting near the edge, VHS tracking artefacts and chromatic fringing, airbrushed poster finish, nostalgic and geometric, dark upper field. electric azure streams flowing through dark space, luminous nodes and connecting lines, precise. Where the subject names a colour absent from this style's palette, translate it to the nearest colour that belongs to the style - the style palette always wins. Keep the subject's composition, mood and direction of light exactly. 16:9 aspect ratio, 2560x1440, desktop wallpaper. Dark overall so white UI text stays readable on top. Uncluttered centre — keep detail and interest toward the edges and corners. No text, no letters, no numbers, no watermark, no logo, no signature, no people, no faces, no hands, no recognisable products.
synthwave/cobalt.png	Abstract wallpaper, 1984 retro synthwave: deep indigo-to-magenta sky gradient #2B0B4E to #FF2E88, a low chrome horizon with a receding perspective grid in cyan #00E5FF, a banded scanlined sun sitting near the edge, VHS tracking artefacts and chromatic fringing, airbrushed poster finish, nostalgic and geometric, dark upper field. deep cobalt light falling in long focused shafts through vertical structure, crisp and awake. Where the subject names a colour absent from this style's palette, translate it to the nearest colour that belongs to the style - the style palette always wins. Keep the subject's composition, mood and direction of light exactly. 16:9 aspect ratio, 2560x1440, desktop wallpaper. Dark overall so white UI text stays readable on top. Uncluttered centre — keep detail and interest toward the edges and corners. No text, no letters, no numbers, no watermark, no logo, no signature, no people, no faces, no hands, no recognisable products.
synthwave/indigo.png	Abstract wallpaper, 1984 retro synthwave: deep indigo-to-magenta sky gradient #2B0B4E to #FF2E88, a low chrome horizon with a receding perspective grid in cyan #00E5FF, a banded scanlined sun sitting near the edge, VHS tracking artefacts and chromatic fringing, airbrushed poster finish, nostalgic and geometric, dark upper field. a deep indigo and periwinkle nebula haze, very still and quiet, midnight calm. Where the subject names a colour absent from this style's palette, translate it to the nearest colour that belongs to the style - the style palette always wins. Keep the subject's composition, mood and direction of light exactly. 16:9 aspect ratio, 2560x1440, desktop wallpaper. Dark overall so white UI text stays readable on top. Uncluttered centre — keep detail and interest toward the edges and corners. No text, no letters, no numbers, no watermark, no logo, no signature, no people, no faces, no hands, no recognisable products.
synthwave/violet.png	Abstract wallpaper, 1984 retro synthwave: deep indigo-to-magenta sky gradient #2B0B4E to #FF2E88, a low chrome horizon with a receding perspective grid in cyan #00E5FF, a banded scanlined sun sitting near the edge, VHS tracking artefacts and chromatic fringing, airbrushed poster finish, nostalgic and geometric, dark upper field. electric violet and magenta filaments branching through dark space, synthetic and luminous. Where the subject names a colour absent from this style's palette, translate it to the nearest colour that belongs to the style - the style palette always wins. Keep the subject's composition, mood and direction of light exactly. 16:9 aspect ratio, 2560x1440, desktop wallpaper. Dark overall so white UI text stays readable on top. Uncluttered centre — keep detail and interest toward the edges and corners. No text, no letters, no numbers, no watermark, no logo, no signature, no people, no faces, no hands, no recognisable products.
synthwave/sand.png	Abstract wallpaper, 1984 retro synthwave: deep indigo-to-magenta sky gradient #2B0B4E to #FF2E88, a low chrome horizon with a receding perspective grid in cyan #00E5FF, a banded scanlined sun sitting near the edge, VHS tracking artefacts and chromatic fringing, airbrushed poster finish, nostalgic and geometric, dark upper field. warm sand and taupe light receding down a long perspective gradient, muted, unhurried. Where the subject names a colour absent from this style's palette, translate it to the nearest colour that belongs to the style - the style palette always wins. Keep the subject's composition, mood and direction of light exactly. 16:9 aspect ratio, 2560x1440, desktop wallpaper. Dark overall so white UI text stays readable on top. Uncluttered centre — keep detail and interest toward the edges and corners. No text, no letters, no numbers, no watermark, no logo, no signature, no people, no faces, no hands, no recognisable products.
synthwave/graphite.png	Abstract wallpaper, 1984 retro synthwave: deep indigo-to-magenta sky gradient #2B0B4E to #FF2E88, a low chrome horizon with a receding perspective grid in cyan #00E5FF, a banded scanlined sun sitting near the edge, VHS tracking artefacts and chromatic fringing, airbrushed poster finish, nostalgic and geometric, dark upper field. restrained graphite and silver light, neutral, minimal, quietly technical. Where the subject names a colour absent from this style's palette, translate it to the nearest colour that belongs to the style - the style palette always wins. Keep the subject's composition, mood and direction of light exactly. 16:9 aspect ratio, 2560x1440, desktop wallpaper. Dark overall so white UI text stays readable on top. Uncluttered centre — keep detail and interest toward the edges and corners. No text, no letters, no numbers, no watermark, no logo, no signature, no people, no faces, no hands, no recognisable products.
